C:\Program Files\Microsoft Visual Studio\18\Insiders\MSBuild\Microsoft\VC\v180\Microsoft.CppBuild.targets(551,5): warning MSB8028: The intermediate directory (x64\Release\) contains files shared from another project (Nexora Cheats.vcxproj).  This can lead to incorrect clean and rebuild behavior.
  Aimbot.cpp
C:\Users\Meherab\Desktop\BR MODE BY DEATH ENGINE\example_win32_directx11\EspLines\Math\Vector\Vector3.hpp(11,9): warning C4201: nonstandard extension used: nameless struct/union
  (compiling source file 'EspLines/Aimbot/Aimbot.cpp')
  
C:\Users\Meherab\Desktop\BR MODE BY DEATH ENGINE\example_win32_directx11\EspLines\Math\Vector\Vector3.hpp(339,13): warning C4244: '=': conversion from 'double' to 'float', possible loss of data
  (compiling source file 'EspLines/Aimbot/Aimbot.cpp')
  
C:\Users\Meherab\Desktop\BR MODE BY DEATH ENGINE\example_win32_directx11\EspLines\Math\Vector\Vector3.hpp(340,13): warning C4244: '=': conversion from 'double' to 'float', possible loss of data
  (compiling source file 'EspLines/Aimbot/Aimbot.cpp')
  
C:\Users\Meherab\Desktop\BR MODE BY DEATH ENGINE\example_win32_directx11\EspLines\Math\Vector\Vector3.hpp(492,72): warning C4305: 'argument': truncation from 'double' to 'float'
  (compiling source file 'EspLines/Aimbot/Aimbot.cpp')
  
C:\Users\Meherab\Desktop\BR MODE BY DEATH ENGINE\example_win32_directx11\EspLines\Math\Vector\Vector3.hpp(492,66): warning C4305: 'argument': truncation from 'double' to 'float'
  (compiling source file 'EspLines/Aimbot/Aimbot.cpp')
  
C:\Users\Meherab\Desktop\BR MODE BY DEATH ENGINE\example_win32_directx11\EspLines\Math\Vector\Vector3.hpp(492,60): warning C4305: 'argument': truncation from 'double' to 'float'
  (compiling source file 'EspLines/Aimbot/Aimbot.cpp')
  
C:\Users\Meherab\Desktop\BR MODE BY DEATH ENGINE\example_win32_directx11\EspLines\Math\Vector\Vector3.hpp(520,15): warning C4244: '=': conversion from 'double' to 'float', possible loss of data
  (compiling source file 'EspLines/Aimbot/Aimbot.cpp')
  
C:\Users\Meherab\Desktop\BR MODE BY DEATH ENGINE\example_win32_directx11\EspLines\Math\Vector\Vector3.hpp(521,15): warning C4244: '=': conversion from 'double' to 'float', possible loss of data
  (compiling source file 'EspLines/Aimbot/Aimbot.cpp')
  
C:\Users\Meherab\Desktop\BR MODE BY DEATH ENGINE\example_win32_directx11\EspLines\Math\Vector\Vector3.hpp(538,13): warning C4244: '=': conversion from 'double' to 'float', possible loss of data
  (compiling source file 'EspLines/Aimbot/Aimbot.cpp')
  
C:\Users\Meherab\Desktop\BR MODE BY DEATH ENGINE\example_win32_directx11\EspLines\Math\Vector\Vector3.hpp(539,13): warning C4244: '=': conversion from 'double' to 'float', possible loss of data
  (compiling source file 'EspLines/Aimbot/Aimbot.cpp')
  
C:\Users\Meherab\Desktop\BR MODE BY DEATH ENGINE\example_win32_directx11\EspLines\Math\Vector\Vector3.hpp(594,21): warning C4312: 'type cast': conversion from 'int' to 'const char *' of greater size
  (compiling source file 'EspLines/Aimbot/Aimbot.cpp')
  
C:\Users\Meherab\Desktop\BR MODE BY DEATH ENGINE\example_win32_directx11\EspLines\Math\Vector\Vector3.hpp(595,21): warning C4312: 'type cast': conversion from 'int' to 'const char *' of greater size
  (compiling source file 'EspLines/Aimbot/Aimbot.cpp')
  
C:\Users\Meherab\Desktop\BR MODE BY DEATH ENGINE\example_win32_directx11\EspLines\Math\Vector\Vector3.hpp(596,21): warning C4312: 'type cast': conversion from 'int' to 'const char *' of greater size
  (compiling source file 'EspLines/Aimbot/Aimbot.cpp')
  
C:\Users\Meherab\Desktop\BR MODE BY DEATH ENGINE\example_win32_directx11\EspLines\Math\Vector\Vector2.hpp(10,9): warning C4201: nonstandard extension used: nameless struct/union
  (compiling source file 'EspLines/Aimbot/Aimbot.cpp')
  
C:\Users\Meherab\Desktop\BR MODE BY DEATH ENGINE\example_win32_directx11\EspLines\Math\Vector\Vector2.hpp(295,13): warning C4244: '=': conversion from 'double' to 'float', possible loss of data
  (compiling source file 'EspLines/Aimbot/Aimbot.cpp')
  
C:\Users\Meherab\Desktop\BR MODE BY DEATH ENGINE\example_win32_directx11\EspLines\Math\Vector\Vector2.hpp(296,13): warning C4244: '=': conversion from 'double' to 'float', possible loss of data
  (compiling source file 'EspLines/Aimbot/Aimbot.cpp')
  
C:\Users\Meherab\Desktop\BR MODE BY DEATH ENGINE\example_win32_directx11\EspLines\Math\Vector\Vector2.hpp(449,15): warning C4244: '=': conversion from 'double' to 'float', possible loss of data
  (compiling source file 'EspLines/Aimbot/Aimbot.cpp')
  
C:\Users\Meherab\Desktop\BR MODE BY DEATH ENGINE\example_win32_directx11\EspLines\Math\Vector\Vector2.hpp(450,15): warning C4244: '=': conversion from 'double' to 'float', possible loss of data
  (compiling source file 'EspLines/Aimbot/Aimbot.cpp')
  
C:\Users\Meherab\Desktop\BR MODE BY DEATH ENGINE\example_win32_directx11\EspLines\Aimbot\Aimbot.cpp(40,29): warning C4244: 'initializing': conversion from 'double' to 'float', possible loss of data
C:\Users\Meherab\Desktop\BR MODE BY DEATH ENGINE\example_win32_directx11\EspLines\Aimbot\Aimbot.cpp(187,35): warning C4244: '=': conversion from 'uintptr_t' to 'uint32_t', possible loss of data
  BrutalSilent.cpp
C:\Users\Meherab\Desktop\BR MODE BY DEATH ENGINE\example_win32_directx11\EspLines\Math\Vector\Vector3.hpp(11,9): warning C4201: nonstandard extension used: nameless struct/union
  (compiling source file 'EspLines/BrutalSilent/BrutalSilent.cpp')
  
C:\Users\Meherab\Desktop\BR MODE BY DEATH ENGINE\example_win32_directx11\EspLines\Math\Vector\Vector3.hpp(339,13): warning C4244: '=': conversion from 'double' to 'float', possible loss of data
  (compiling source file 'EspLines/BrutalSilent/BrutalSilent.cpp')
  
C:\Users\Meherab\Desktop\BR MODE BY DEATH ENGINE\example_win32_directx11\EspLines\Math\Vector\Vector3.hpp(340,13): warning C4244: '=': conversion from 'double' to 'float', possible loss of data
  (compiling source file 'EspLines/BrutalSilent/BrutalSilent.cpp')
  
C:\Users\Meherab\Desktop\BR MODE BY DEATH ENGINE\example_win32_directx11\EspLines\Math\Vector\Vector3.hpp(341,16): warning C4244: 'return': conversion from 'double' to 'float', possible loss of data
  (compiling source file 'EspLines/BrutalSilent/BrutalSilent.cpp')
  
C:\Users\Meherab\Desktop\BR MODE BY DEATH ENGINE\example_win32_directx11\EspLines\Math\Vector\Vector3.hpp(378,28): warning C4244: '=': conversion from 'double' to 'float', possible loss of data
  (compiling source file 'EspLines/BrutalSilent/BrutalSilent.cpp')
  
C:\Users\Meherab\Desktop\BR MODE BY DEATH ENGINE\example_win32_directx11\EspLines\Math\Vector\Vector3.hpp(379,28): warning C4244: '=': conversion from 'double' to 'float', possible loss of data
  (compiling source file 'EspLines/BrutalSilent/BrutalSilent.cpp')
  
C:\Users\Meherab\Desktop\BR MODE BY DEATH ENGINE\example_win32_directx11\EspLines\Math\Vector\Vector3.hpp(380,15): warning C4244: '=': conversion from 'double' to 'float', possible loss of data
  (compiling source file 'EspLines/BrutalSilent/BrutalSilent.cpp')
  
C:\Users\Meherab\Desktop\BR MODE BY DEATH ENGINE\example_win32_directx11\EspLines\Math\Vector\Vector3.hpp(398,16): warning C4244: 'return': conversion from 'double' to 'float', possible loss of data
  (compiling source file 'EspLines/BrutalSilent/BrutalSilent.cpp')
  
C:\Users\Meherab\Desktop\BR MODE BY DEATH ENGINE\example_win32_directx11\EspLines\Math\Vector\Vector3.hpp(480,18): warning C4244: '=': conversion from 'double' to 'float', possible loss of data
  (compiling source file 'EspLines/BrutalSilent/BrutalSilent.cpp')
  
C:\Users\Meherab\Desktop\BR MODE BY DEATH ENGINE\example_win32_directx11\EspLines\Math\Vector\Vector3.hpp(481,18): warning C4244: '=': conversion from 'double' to 'float', possible loss of data
  (compiling source file 'EspLines/BrutalSilent/BrutalSilent.cpp')
  
C:\Users\Meherab\Desktop\BR MODE BY DEATH ENGINE\example_win32_directx11\EspLines\Math\Vector\Vector3.hpp(492,72): warning C4305: 'argument': truncation from 'double' to 'float'
  (compiling source file 'EspLines/BrutalSilent/BrutalSilent.cpp')
  
C:\Users\Meherab\Desktop\BR MODE BY DEATH ENGINE\example_win32_directx11\EspLines\Math\Vector\Vector3.hpp(492,66): warning C4305: 'argument': truncation from 'double' to 'float'
  (compiling source file 'EspLines/BrutalSilent/BrutalSilent.cpp')
  
C:\Users\Meherab\Desktop\BR MODE BY DEATH ENGINE\example_win32_directx11\EspLines\Math\Vector\Vector3.hpp(492,60): warning C4305: 'argument': truncation from 'double' to 'float'
  (compiling source file 'EspLines/BrutalSilent/BrutalSilent.cpp')
  
C:\Users\Meherab\Desktop\BR MODE BY DEATH ENGINE\example_win32_directx11\EspLines\Math\Vector\Vector3.hpp(496,38): warning C4244: 'argument': conversion from 'double' to 'const float', possible loss of data
  (compiling source file 'EspLines/BrutalSilent/BrutalSilent.cpp')
  
C:\Users\Meherab\Desktop\BR MODE BY DEATH ENGINE\example_win32_directx11\EspLines\Math\Vector\Vector3.hpp(497,35): warning C4244: 'argument': conversion from 'double' to 'const float', possible loss of data
  (compiling source file 'EspLines/BrutalSilent/BrutalSilent.cpp')
  
C:\Users\Meherab\Desktop\BR MODE BY DEATH ENGINE\example_win32_directx11\EspLines\Math\Vector\Vector3.hpp(520,15): warning C4244: '=': conversion from 'double' to 'float', possible loss of data
  (compiling source file 'EspLines/BrutalSilent/BrutalSilent.cpp')
  
C:\Users\Meherab\Desktop\BR MODE BY DEATH ENGINE\example_win32_directx11\EspLines\Math\Vector\Vector3.hpp(521,15): warning C4244: '=': conversion from 'double' to 'float', possible loss of data
  (compiling source file 'EspLines/BrutalSilent/BrutalSilent.cpp')
  
C:\Users\Meherab\Desktop\BR MODE BY DEATH ENGINE\example_win32_directx11\EspLines\Math\Vector\Vector3.hpp(522,17): warning C4244: 'initializing': conversion from 'double' to 'float', possible loss of data
  (compiling source file 'EspLines/BrutalSilent/BrutalSilent.cpp')
  
C:\Users\Meherab\Desktop\BR MODE BY DEATH ENGINE\example_win32_directx11\EspLines\Math\Vector\Vector3.hpp(524,29): warning C4244: 'argument': conversion from 'double' to 'const float', possible loss of data
  (compiling source file 'EspLines/BrutalSilent/BrutalSilent.cpp')
  
C:\Users\Meherab\Desktop\BR MODE BY DEATH ENGINE\example_win32_directx11\EspLines\Math\Vector\Vector3.hpp(524,56): warning C4244: 'argument': conversion from 'double' to 'const float', possible loss of data
  (compiling source file 'EspLines/BrutalSilent/BrutalSilent.cpp')
  
C:\Users\Meherab\Desktop\BR MODE BY DEATH ENGINE\example_win32_directx11\EspLines\Math\Vector\Vector3.hpp(538,13): warning C4244: '=': conversion from 'double' to 'float', possible loss of data
  (compiling source file 'EspLines/BrutalSilent/BrutalSilent.cpp')
  
C:\Users\Meherab\Desktop\BR MODE BY DEATH ENGINE\example_win32_directx11\EspLines\Math\Vector\Vector3.hpp(539,13): warning C4244: '=': conversion from 'double' to 'float', possible loss of data
  (compiling source file 'EspLines/BrutalSilent/BrutalSilent.cpp')
  
C:\Users\Meherab\Desktop\BR MODE BY DEATH ENGINE\example_win32_directx11\EspLines\Math\Vector\Vector3.hpp(540,17): warning C4244: '=': conversion from 'double' to 'float', possible loss of data
  (compiling source file 'EspLines/BrutalSilent/BrutalSilent.cpp')
  
C:\Users\Meherab\Desktop\BR MODE BY DEATH ENGINE\example_win32_directx11\EspLines\Math\Vector\Vector3.hpp(541,16): warning C4244: '=': conversion from 'double' to 'float', possible loss of data
  (compiling source file 'EspLines/BrutalSilent/BrutalSilent.cpp')
  
C:\Users\Meherab\Desktop\BR MODE BY DEATH ENGINE\example_win32_directx11\EspLines\Math\Vector\Vector3.hpp(594,21): warning C4312: 'type cast': conversion from 'int' to 'const char *' of greater size
  (compiling source file 'EspLines/BrutalSilent/BrutalSilent.cpp')
  
C:\Users\Meherab\Desktop\BR MODE BY DEATH ENGINE\example_win32_directx11\EspLines\Math\Vector\Vector3.hpp(595,21): warning C4312: 'type cast': conversion from 'int' to 'const char *' of greater size
  (compiling source file 'EspLines/BrutalSilent/BrutalSilent.cpp')
  
C:\Users\Meherab\Desktop\BR MODE BY DEATH ENGINE\example_win32_directx11\EspLines\Math\Vector\Vector3.hpp(596,21): warning C4312: 'type cast': conversion from 'int' to 'const char *' of greater size
  (compiling source file 'EspLines/BrutalSilent/BrutalSilent.cpp')
  
C:\Users\Meherab\Desktop\BR MODE BY DEATH ENGINE\example_win32_directx11\EspLines\Math\Vector\Vector2.hpp(10,9): warning C4201: nonstandard extension used: nameless struct/union
  (compiling source file 'EspLines/BrutalSilent/BrutalSilent.cpp')
  
C:\Users\Meherab\Desktop\BR MODE BY DEATH ENGINE\example_win32_directx11\EspLines\Math\Vector\Vector2.hpp(295,13): warning C4244: '=': conversion from 'double' to 'float', possible loss of data
  (compiling source file 'EspLines/BrutalSilent/BrutalSilent.cpp')
  
C:\Users\Meherab\Desktop\BR MODE BY DEATH ENGINE\example_win32_directx11\EspLines\Math\Vector\Vector2.hpp(296,13): warning C4244: '=': conversion from 'double' to 'float', possible loss of data
  (compiling source file 'EspLines/BrutalSilent/BrutalSilent.cpp')
  
C:\Users\Meherab\Desktop\BR MODE BY DEATH ENGINE\example_win32_directx11\EspLines\Math\Vector\Vector2.hpp(449,15): warning C4244: '=': conversion from 'double' to 'float', possible loss of data
  (compiling source file 'EspLines/BrutalSilent/BrutalSilent.cpp')
  
C:\Users\Meherab\Desktop\BR MODE BY DEATH ENGINE\example_win32_directx11\EspLines\Math\Vector\Vector2.hpp(450,15): warning C4244: '=': conversion from 'double' to 'float', possible loss of data
  (compiling source file 'EspLines/BrutalSilent/BrutalSilent.cpp')
  
  AimLock.cpp
C:\Users\Meherab\Desktop\BR MODE BY DEATH ENGINE\example_win32_directx11\EspLines\Math\Vector\Vector3.hpp(11,9): warning C4201: nonstandard extension used: nameless struct/union
  (compiling source file 'EspLines/AimLock/AimLock.cpp')
  
C:\Users\Meherab\Desktop\BR MODE BY DEATH ENGINE\example_win32_directx11\EspLines\Math\Vector\Vector3.hpp(339,13): warning C4244: '=': conversion from 'double' to 'float', possible loss of data
  (compiling source file 'EspLines/AimLock/AimLock.cpp')
  
C:\Users\Meherab\Desktop\BR MODE BY DEATH ENGINE\example_win32_directx11\EspLines\Math\Vector\Vector3.hpp(340,13): warning C4244: '=': conversion from 'double' to 'float', possible loss of data
  (compiling source file 'EspLines/AimLock/AimLock.cpp')
  
C:\Users\Meherab\Desktop\BR MODE BY DEATH ENGINE\example_win32_directx11\EspLines\Math\Vector\Vector3.hpp(492,72): warning C4305: 'argument': truncation from 'double' to 'float'
  (compiling source file 'EspLines/AimLock/AimLock.cpp')
  
C:\Users\Meherab\Desktop\BR MODE BY DEATH ENGINE\example_win32_directx11\EspLines\Math\Vector\Vector3.hpp(492,66): warning C4305: 'argument': truncation from 'double' to 'float'
  (compiling source file 'EspLines/AimLock/AimLock.cpp')
  
C:\Users\Meherab\Desktop\BR MODE BY DEATH ENGINE\example_win32_directx11\EspLines\Math\Vector\Vector3.hpp(492,60): warning C4305: 'argument': truncation from 'double' to 'float'
  (compiling source file 'EspLines/AimLock/AimLock.cpp')
  
C:\Users\Meherab\Desktop\BR MODE BY DEATH ENGINE\example_win32_directx11\EspLines\Math\Vector\Vector3.hpp(520,15): warning C4244: '=': conversion from 'double' to 'float', possible loss of data
  (compiling source file 'EspLines/AimLock/AimLock.cpp')
  
C:\Users\Meherab\Desktop\BR MODE BY DEATH ENGINE\example_win32_directx11\EspLines\Math\Vector\Vector3.hpp(521,15): warning C4244: '=': conversion from 'double' to 'float', possible loss of data
  (compiling source file 'EspLines/AimLock/AimLock.cpp')
  
C:\Users\Meherab\Desktop\BR MODE BY DEATH ENGINE\example_win32_directx11\EspLines\Math\Vector\Vector3.hpp(538,13): warning C4244: '=': conversion from 'double' to 'float', possible loss of data
  (compiling source file 'EspLines/AimLock/AimLock.cpp')
  
C:\Users\Meherab\Desktop\BR MODE BY DEATH ENGINE\example_win32_directx11\EspLines\Math\Vector\Vector3.hpp(539,13): warning C4244: '=': conversion from 'double' to 'float', possible loss of data
  (compiling source file 'EspLines/AimLock/AimLock.cpp')
  
C:\Users\Meherab\Desktop\BR MODE BY DEATH ENGINE\example_win32_directx11\EspLines\Math\Vector\Vector3.hpp(594,21): warning C4312: 'type cast': conversion from 'int' to 'const char *' of greater size
  (compiling source file 'EspLines/AimLock/AimLock.cpp')
  
C:\Users\Meherab\Desktop\BR MODE BY DEATH ENGINE\example_win32_directx11\EspLines\Math\Vector\Vector3.hpp(595,21): warning C4312: 'type cast': conversion from 'int' to 'const char *' of greater size
  (compiling source file 'EspLines/AimLock/AimLock.cpp')
  
C:\Users\Meherab\Desktop\BR MODE BY DEATH ENGINE\example_win32_directx11\EspLines\Math\Vector\Vector3.hpp(596,21): warning C4312: 'type cast': conversion from 'int' to 'const char *' of greater size
  (compiling source file 'EspLines/AimLock/AimLock.cpp')
  
C:\Users\Meherab\Desktop\BR MODE BY DEATH ENGINE\example_win32_directx11\EspLines\Math\Vector\Vector2.hpp(10,9): warning C4201: nonstandard extension used: nameless struct/union
  (compiling source file 'EspLines/AimLock/AimLock.cpp')
  
C:\Users\Meherab\Desktop\BR MODE BY DEATH ENGINE\example_win32_directx11\EspLines\Math\Vector\Vector2.hpp(295,13): warning C4244: '=': conversion from 'double' to 'float', possible loss of data
  (compiling source file 'EspLines/AimLock/AimLock.cpp')
  
C:\Users\Meherab\Desktop\BR MODE BY DEATH ENGINE\example_win32_directx11\EspLines\Math\Vector\Vector2.hpp(296,13): warning C4244: '=': conversion from 'double' to 'float', possible loss of data
  (compiling source file 'EspLines/AimLock/AimLock.cpp')
  
C:\Users\Meherab\Desktop\BR MODE BY DEATH ENGINE\example_win32_directx11\EspLines\Math\Vector\Vector2.hpp(449,15): warning C4244: '=': conversion from 'double' to 'float', possible loss of data
  (compiling source file 'EspLines/AimLock/AimLock.cpp')
  
C:\Users\Meherab\Desktop\BR MODE BY DEATH ENGINE\example_win32_directx11\EspLines\Math\Vector\Vector2.hpp(450,15): warning C4244: '=': conversion from 'double' to 'float', possible loss of data
  (compiling source file 'EspLines/AimLock/AimLock.cpp')
  
C:\Users\Meherab\Desktop\BR MODE BY DEATH ENGINE\example_win32_directx11\EspLines\AimLock\AimLock.hpp(1,1): warning C4828: The file contains a character starting at offset 0xc7 that is not valid in the current source character set (codepage 65001).
  (compiling source file 'EspLines/AimLock/AimLock.cpp')
  
C:\Users\Meherab\Desktop\BR MODE BY DEATH ENGINE\example_win32_directx11\EspLines\AimLock\AimLock.hpp(1,1): warning C4828: The file contains a character starting at offset 0xd0 that is not valid in the current source character set (codepage 65001).
  (compiling source file 'EspLines/AimLock/AimLock.cpp')
  
C:\Users\Meherab\Desktop\BR MODE BY DEATH ENGINE\example_win32_directx11\EspLines\AimLock\AimLock.hpp(1,1): warning C4828: The file contains a character starting at offset 0x11d that is not valid in the current source character set (codepage 65001).
  (compiling source file 'EspLines/AimLock/AimLock.cpp')
  
  CamRigth.cpp
C:\Users\Meherab\Desktop\BR MODE BY DEATH ENGINE\example_win32_directx11\EspLines\Math\Vector\Vector3.hpp(11,9): warning C4201: nonstandard extension used: nameless struct/union
  (compiling source file 'EspLines/Exploits/Camera/CamRigth.cpp')
  
C:\Users\Meherab\Desktop\BR MODE BY DEATH ENGINE\example_win32_directx11\EspLines\Math\Vector\Vector3.hpp(339,13): warning C4244: '=': conversion from 'double' to 'float', possible loss of data
  (compiling source file 'EspLines/Exploits/Camera/CamRigth.cpp')
  
C:\Users\Meherab\Desktop\BR MODE BY DEATH ENGINE\example_win32_directx11\EspLines\Math\Vector\Vector3.hpp(340,13): warning C4244: '=': conversion from 'double' to 'float', possible loss of data
  (compiling source file 'EspLines/Exploits/Camera/CamRigth.cpp')
  
C:\Users\Meherab\Desktop\BR MODE BY DEATH ENGINE\example_win32_directx11\EspLines\Math\Vector\Vector3.hpp(341,16): warning C4244: 'return': conversion from 'double' to 'float', possible loss of data
  (compiling source file 'EspLines/Exploits/Camera/CamRigth.cpp')
  
C:\Users\Meherab\Desktop\BR MODE BY DEATH ENGINE\example_win32_directx11\EspLines\Math\Vector\Vector3.hpp(378,28): warning C4244: '=': conversion from 'double' to 'float', possible loss of data
  (compiling source file 'EspLines/Exploits/Camera/CamRigth.cpp')
  
C:\Users\Meherab\Desktop\BR MODE BY DEATH ENGINE\example_win32_directx11\EspLines\Math\Vector\Vector3.hpp(379,28): warning C4244: '=': conversion from 'double' to 'float', possible loss of data
  (compiling source file 'EspLines/Exploits/Camera/CamRigth.cpp')
  
C:\Users\Meherab\Desktop\BR MODE BY DEATH ENGINE\example_win32_directx11\EspLines\Math\Vector\Vector3.hpp(380,15): warning C4244: '=': conversion from 'double' to 'float', possible loss of data
  (compiling source file 'EspLines/Exploits/Camera/CamRigth.cpp')
  
C:\Users\Meherab\Desktop\BR MODE BY DEATH ENGINE\example_win32_directx11\EspLines\Math\Vector\Vector3.hpp(398,16): warning C4244: 'return': conversion from 'double' to 'float', possible loss of data
  (compiling source file 'EspLines/Exploits/Camera/CamRigth.cpp')
  
C:\Users\Meherab\Desktop\BR MODE BY DEATH ENGINE\example_win32_directx11\EspLines\Math\Vector\Vector3.hpp(480,18): warning C4244: '=': conversion from 'double' to 'float', possible loss of data
  (compiling source file 'EspLines/Exploits/Camera/CamRigth.cpp')
  
C:\Users\Meherab\Desktop\BR MODE BY DEATH ENGINE\example_win32_directx11\EspLines\Math\Vector\Vector3.hpp(481,18): warning C4244: '=': conversion from 'double' to 'float', possible loss of data
  (compiling source file 'EspLines/Exploits/Camera/CamRigth.cpp')
  
C:\Users\Meherab\Desktop\BR MODE BY DEATH ENGINE\example_win32_directx11\EspLines\Math\Vector\Vector3.hpp(492,72): warning C4305: 'argument': truncation from 'double' to 'float'
  (compiling source file 'EspLines/Exploits/Camera/CamRigth.cpp')
  
C:\Users\Meherab\Desktop\BR MODE BY DEATH ENGINE\example_win32_directx11\EspLines\Math\Vector\Vector3.hpp(492,66): warning C4305: 'argument': truncation from 'double' to 'float'
  (compiling source file 'EspLines/Exploits/Camera/CamRigth.cpp')
  
C:\Users\Meherab\Desktop\BR MODE BY DEATH ENGINE\example_win32_directx11\EspLines\Math\Vector\Vector3.hpp(492,60): warning C4305: 'argument': truncation from 'double' to 'float'
  (compiling source file 'EspLines/Exploits/Camera/CamRigth.cpp')
  
C:\Users\Meherab\Desktop\BR MODE BY DEATH ENGINE\example_win32_directx11\EspLines\Math\Vector\Vector3.hpp(496,38): warning C4244: 'argument': conversion from 'double' to 'const float', possible loss of data
  (compiling source file 'EspLines/Exploits/Camera/CamRigth.cpp')
  
C:\Users\Meherab\Desktop\BR MODE BY DEATH ENGINE\example_win32_directx11\EspLines\Math\Vector\Vector3.hpp(497,35): warning C4244: 'argument': conversion from 'double' to 'const float', possible loss of data
  (compiling source file 'EspLines/Exploits/Camera/CamRigth.cpp')
  
C:\Users\Meherab\Desktop\BR MODE BY DEATH ENGINE\example_win32_directx11\EspLines\Math\Vector\Vector3.hpp(520,15): warning C4244: '=': conversion from 'double' to 'float', possible loss of data
  (compiling source file 'EspLines/Exploits/Camera/CamRigth.cpp')
  
C:\Users\Meherab\Desktop\BR MODE BY DEATH ENGINE\example_win32_directx11\EspLines\Math\Vector\Vector3.hpp(521,15): warning C4244: '=': conversion from 'double' to 'float', possible loss of data
  (compiling source file 'EspLines/Exploits/Camera/CamRigth.cpp')
  
C:\Users\Meherab\Desktop\BR MODE BY DEATH ENGINE\example_win32_directx11\EspLines\Math\Vector\Vector3.hpp(522,17): warning C4244: 'initializing': conversion from 'double' to 'float', possible loss of data
  (compiling source file 'EspLines/Exploits/Camera/CamRigth.cpp')
  
C:\Users\Meherab\Desktop\BR MODE BY DEATH ENGINE\example_win32_directx11\EspLines\Math\Vector\Vector3.hpp(524,29): warning C4244: 'argument': conversion from 'double' to 'const float', possible loss of data
  (compiling source file 'EspLines/Exploits/Camera/CamRigth.cpp')
  
C:\Users\Meherab\Desktop\BR MODE BY DEATH ENGINE\example_win32_directx11\EspLines\Math\Vector\Vector3.hpp(524,56): warning C4244: 'argument': conversion from 'double' to 'const float', possible loss of data
  (compiling source file 'EspLines/Exploits/Camera/CamRigth.cpp')
  
C:\Users\Meherab\Desktop\BR MODE BY DEATH ENGINE\example_win32_directx11\EspLines\Math\Vector\Vector3.hpp(538,13): warning C4244: '=': conversion from 'double' to 'float', possible loss of data
  (compiling source file 'EspLines/Exploits/Camera/CamRigth.cpp')
  
C:\Users\Meherab\Desktop\BR MODE BY DEATH ENGINE\example_win32_directx11\EspLines\Math\Vector\Vector3.hpp(539,13): warning C4244: '=': conversion from 'double' to 'float', possible loss of data
  (compiling source file 'EspLines/Exploits/Camera/CamRigth.cpp')
  
C:\Users\Meherab\Desktop\BR MODE BY DEATH ENGINE\example_win32_directx11\EspLines\Math\Vector\Vector3.hpp(540,17): warning C4244: '=': conversion from 'double' to 'float', possible loss of data
  (compiling source file 'EspLines/Exploits/Camera/CamRigth.cpp')
  
C:\Users\Meherab\Desktop\BR MODE BY DEATH ENGINE\example_win32_directx11\EspLines\Math\Vector\Vector3.hpp(541,16): warning C4244: '=': conversion from 'double' to 'float', possible loss of data
  (compiling source file 'EspLines/Exploits/Camera/CamRigth.cpp')
  
C:\Users\Meherab\Desktop\BR MODE BY DEATH ENGINE\example_win32_directx11\EspLines\Math\Vector\Vector3.hpp(594,21): warning C4312: 'type cast': conversion from 'int' to 'const char *' of greater size
  (compiling source file 'EspLines/Exploits/Camera/CamRigth.cpp')
  
C:\Users\Meherab\Desktop\BR MODE BY DEATH ENGINE\example_win32_directx11\EspLines\Math\Vector\Vector3.hpp(595,21): warning C4312: 'type cast': conversion from 'int' to 'const char *' of greater size
  (compiling source file 'EspLines/Exploits/Camera/CamRigth.cpp')
  
C:\Users\Meherab\Desktop\BR MODE BY DEATH ENGINE\example_win32_directx11\EspLines\Math\Vector\Vector3.hpp(596,21): warning C4312: 'type cast': conversion from 'int' to 'const char *' of greater size
  (compiling source file 'EspLines/Exploits/Camera/CamRigth.cpp')
  
  FastMedkit.cpp
C:\Users\Meherab\Desktop\BR MODE BY DEATH ENGINE\example_win32_directx11\EspLines\Math\Vector\Vector3.hpp(11,9): warning C4201: nonstandard extension used: nameless struct/union
  (compiling source file 'EspLines/Exploits/Exploit/FastMedkit.cpp')
  
C:\Users\Meherab\Desktop\BR MODE BY DEATH ENGINE\example_win32_directx11\EspLines\Math\Vector\Vector3.hpp(339,13): warning C4244: '=': conversion from 'double' to 'float', possible loss of data
  (compiling source file 'EspLines/Exploits/Exploit/FastMedkit.cpp')
  
C:\Users\Meherab\Desktop\BR MODE BY DEATH ENGINE\example_win32_directx11\EspLines\Math\Vector\Vector3.hpp(340,13): warning C4244: '=': conversion from 'double' to 'float', possible loss of data
  (compiling source file 'EspLines/Exploits/Exploit/FastMedkit.cpp')
  
C:\Users\Meherab\Desktop\BR MODE BY DEATH ENGINE\example_win32_directx11\EspLines\Math\Vector\Vector3.hpp(341,16): warning C4244: 'return': conversion from 'double' to 'float', possible loss of data
  (compiling source file 'EspLines/Exploits/Exploit/FastMedkit.cpp')
  
C:\Users\Meherab\Desktop\BR MODE BY DEATH ENGINE\example_win32_directx11\EspLines\Math\Vector\Vector3.hpp(378,28): warning C4244: '=': conversion from 'double' to 'float', possible loss of data
  (compiling source file 'EspLines/Exploits/Exploit/FastMedkit.cpp')
  
C:\Users\Meherab\Desktop\BR MODE BY DEATH ENGINE\example_win32_directx11\EspLines\Math\Vector\Vector3.hpp(379,28): warning C4244: '=': conversion from 'double' to 'float', possible loss of data
  (compiling source file 'EspLines/Exploits/Exploit/FastMedkit.cpp')
  
C:\Users\Meherab\Desktop\BR MODE BY DEATH ENGINE\example_win32_directx11\EspLines\Math\Vector\Vector3.hpp(380,15): warning C4244: '=': conversion from 'double' to 'float', possible loss of data
  (compiling source file 'EspLines/Exploits/Exploit/FastMedkit.cpp')
  
C:\Users\Meherab\Desktop\BR MODE BY DEATH ENGINE\example_win32_directx11\EspLines\Math\Vector\Vector3.hpp(398,16): warning C4244: 'return': conversion from 'double' to 'float', possible loss of data
  (compiling source file 'EspLines/Exploits/Exploit/FastMedkit.cpp')
  
C:\Users\Meherab\Desktop\BR MODE BY DEATH ENGINE\example_win32_directx11\EspLines\Math\Vector\Vector3.hpp(480,18): warning C4244: '=': conversion from 'double' to 'float', possible loss of data
  (compiling source file 'EspLines/Exploits/Exploit/FastMedkit.cpp')
  
C:\Users\Meherab\Desktop\BR MODE BY DEATH ENGINE\example_win32_directx11\EspLines\Math\Vector\Vector3.hpp(481,18): warning C4244: '=': conversion from 'double' to 'float', possible loss of data
  (compiling source file 'EspLines/Exploits/Exploit/FastMedkit.cpp')
  
C:\Users\Meherab\Desktop\BR MODE BY DEATH ENGINE\example_win32_directx11\EspLines\Math\Vector\Vector3.hpp(492,72): warning C4305: 'argument': truncation from 'double' to 'float'
  (compiling source file 'EspLines/Exploits/Exploit/FastMedkit.cpp')
  
C:\Users\Meherab\Desktop\BR MODE BY DEATH ENGINE\example_win32_directx11\EspLines\Math\Vector\Vector3.hpp(492,66): warning C4305: 'argument': truncation from 'double' to 'float'
  (compiling source file 'EspLines/Exploits/Exploit/FastMedkit.cpp')
  
C:\Users\Meherab\Desktop\BR MODE BY DEATH ENGINE\example_win32_directx11\EspLines\Math\Vector\Vector3.hpp(492,60): warning C4305: 'argument': truncation from 'double' to 'float'
  (compiling source file 'EspLines/Exploits/Exploit/FastMedkit.cpp')
  
C:\Users\Meherab\Desktop\BR MODE BY DEATH ENGINE\example_win32_directx11\EspLines\Math\Vector\Vector3.hpp(496,38): warning C4244: 'argument': conversion from 'double' to 'const float', possible loss of data
  (compiling source file 'EspLines/Exploits/Exploit/FastMedkit.cpp')
  
C:\Users\Meherab\Desktop\BR MODE BY DEATH ENGINE\example_win32_directx11\EspLines\Math\Vector\Vector3.hpp(497,35): warning C4244: 'argument': conversion from 'double' to 'const float', possible loss of data
  (compiling source file 'EspLines/Exploits/Exploit/FastMedkit.cpp')
  
C:\Users\Meherab\Desktop\BR MODE BY DEATH ENGINE\example_win32_directx11\EspLines\Math\Vector\Vector3.hpp(520,15): warning C4244: '=': conversion from 'double' to 'float', possible loss of data
  (compiling source file 'EspLines/Exploits/Exploit/FastMedkit.cpp')
  
C:\Users\Meherab\Desktop\BR MODE BY DEATH ENGINE\example_win32_directx11\EspLines\Math\Vector\Vector3.hpp(521,15): warning C4244: '=': conversion from 'double' to 'float', possible loss of data
  (compiling source file 'EspLines/Exploits/Exploit/FastMedkit.cpp')
  
C:\Users\Meherab\Desktop\BR MODE BY DEATH ENGINE\example_win32_directx11\EspLines\Math\Vector\Vector3.hpp(522,17): warning C4244: 'initializing': conversion from 'double' to 'float', possible loss of data
  (compiling source file 'EspLines/Exploits/Exploit/FastMedkit.cpp')
  
C:\Users\Meherab\Desktop\BR MODE BY DEATH ENGINE\example_win32_directx11\EspLines\Math\Vector\Vector3.hpp(524,29): warning C4244: 'argument': conversion from 'double' to 'const float', possible loss of data
  (compiling source file 'EspLines/Exploits/Exploit/FastMedkit.cpp')
  
C:\Users\Meherab\Desktop\BR MODE BY DEATH ENGINE\example_win32_directx11\EspLines\Math\Vector\Vector3.hpp(524,56): warning C4244: 'argument': conversion from 'double' to 'const float', possible loss of data
  (compiling source file 'EspLines/Exploits/Exploit/FastMedkit.cpp')
  
C:\Users\Meherab\Desktop\BR MODE BY DEATH ENGINE\example_win32_directx11\EspLines\Math\Vector\Vector3.hpp(538,13): warning C4244: '=': conversion from 'double' to 'float', possible loss of data
  (compiling source file 'EspLines/Exploits/Exploit/FastMedkit.cpp')
  
C:\Users\Meherab\Desktop\BR MODE BY DEATH ENGINE\example_win32_directx11\EspLines\Math\Vector\Vector3.hpp(539,13): warning C4244: '=': conversion from 'double' to 'float', possible loss of data
  (compiling source file 'EspLines/Exploits/Exploit/FastMedkit.cpp')
  
C:\Users\Meherab\Desktop\BR MODE BY DEATH ENGINE\example_win32_directx11\EspLines\Math\Vector\Vector3.hpp(540,17): warning C4244: '=': conversion from 'double' to 'float', possible loss of data
  (compiling source file 'EspLines/Exploits/Exploit/FastMedkit.cpp')
  
C:\Users\Meherab\Desktop\BR MODE BY DEATH ENGINE\example_win32_directx11\EspLines\Math\Vector\Vector3.hpp(541,16): warning C4244: '=': conversion from 'double' to 'float', possible loss of data
  (compiling source file 'EspLines/Exploits/Exploit/FastMedkit.cpp')
  
C:\Users\Meherab\Desktop\BR MODE BY DEATH ENGINE\example_win32_directx11\EspLines\Math\Vector\Vector3.hpp(594,21): warning C4312: 'type cast': conversion from 'int' to 'const char *' of greater size
  (compiling source file 'EspLines/Exploits/Exploit/FastMedkit.cpp')
  
C:\Users\Meherab\Desktop\BR MODE BY DEATH ENGINE\example_win32_directx11\EspLines\Math\Vector\Vector3.hpp(595,21): warning C4312: 'type cast': conversion from 'int' to 'const char *' of greater size
  (compiling source file 'EspLines/Exploits/Exploit/FastMedkit.cpp')
  
C:\Users\Meherab\Desktop\BR MODE BY DEATH ENGINE\example_win32_directx11\EspLines\Math\Vector\Vector3.hpp(596,21): warning C4312: 'type cast': conversion from 'int' to 'const char *' of greater size
  (compiling source file 'EspLines/Exploits/Exploit/FastMedkit.cpp')
  
  SpeedHack.cpp
C:\Users\Meherab\Desktop\BR MODE BY DEATH ENGINE\example_win32_directx11\EspLines\Math\Vector\Vector3.hpp(11,9): warning C4201: nonstandard extension used: nameless struct/union
  (compiling source file 'EspLines/Exploits/Speed/SpeedHack.cpp')
  
C:\Users\Meherab\Desktop\BR MODE BY DEATH ENGINE\example_win32_directx11\EspLines\Math\Vector\Vector3.hpp(339,13): warning C4244: '=': conversion from 'double' to 'float', possible loss of data
  (compiling source file 'EspLines/Exploits/Speed/SpeedHack.cpp')
  
C:\Users\Meherab\Desktop\BR MODE BY DEATH ENGINE\example_win32_directx11\EspLines\Math\Vector\Vector3.hpp(340,13): warning C4244: '=': conversion from 'double' to 'float', possible loss of data
  (compiling source file 'EspLines/Exploits/Speed/SpeedHack.cpp')
  
C:\Users\Meherab\Desktop\BR MODE BY DEATH ENGINE\example_win32_directx11\EspLines\Math\Vector\Vector3.hpp(341,16): warning C4244: 'return': conversion from 'double' to 'float', possible loss of data
  (compiling source file 'EspLines/Exploits/Speed/SpeedHack.cpp')
  
C:\Users\Meherab\Desktop\BR MODE BY DEATH ENGINE\example_win32_directx11\EspLines\Math\Vector\Vector3.hpp(378,28): warning C4244: '=': conversion from 'double' to 'float', possible loss of data
  (compiling source file 'EspLines/Exploits/Speed/SpeedHack.cpp')
  
C:\Users\Meherab\Desktop\BR MODE BY DEATH ENGINE\example_win32_directx11\EspLines\Math\Vector\Vector3.hpp(379,28): warning C4244: '=': conversion from 'double' to 'float', possible loss of data
  (compiling source file 'EspLines/Exploits/Speed/SpeedHack.cpp')
  
C:\Users\Meherab\Desktop\BR MODE BY DEATH ENGINE\example_win32_directx11\EspLines\Math\Vector\Vector3.hpp(380,15): warning C4244: '=': conversion from 'double' to 'float', possible loss of data
  (compiling source file 'EspLines/Exploits/Speed/SpeedHack.cpp')
  
C:\Users\Meherab\Desktop\BR MODE BY DEATH ENGINE\example_win32_directx11\EspLines\Math\Vector\Vector3.hpp(398,16): warning C4244: 'return': conversion from 'double' to 'float', possible loss of data
  (compiling source file 'EspLines/Exploits/Speed/SpeedHack.cpp')
  
C:\Users\Meherab\Desktop\BR MODE BY DEATH ENGINE\example_win32_directx11\EspLines\Math\Vector\Vector3.hpp(480,18): warning C4244: '=': conversion from 'double' to 'float', possible loss of data
  (compiling source file 'EspLines/Exploits/Speed/SpeedHack.cpp')
  
C:\Users\Meherab\Desktop\BR MODE BY DEATH ENGINE\example_win32_directx11\EspLines\Math\Vector\Vector3.hpp(481,18): warning C4244: '=': conversion from 'double' to 'float', possible loss of data
  (compiling source file 'EspLines/Exploits/Speed/SpeedHack.cpp')
  
C:\Users\Meherab\Desktop\BR MODE BY DEATH ENGINE\example_win32_directx11\EspLines\Math\Vector\Vector3.hpp(492,72): warning C4305: 'argument': truncation from 'double' to 'float'
  (compiling source file 'EspLines/Exploits/Speed/SpeedHack.cpp')
  
C:\Users\Meherab\Desktop\BR MODE BY DEATH ENGINE\example_win32_directx11\EspLines\Math\Vector\Vector3.hpp(492,66): warning C4305: 'argument': truncation from 'double' to 'float'
  (compiling source file 'EspLines/Exploits/Speed/SpeedHack.cpp')
  
C:\Users\Meherab\Desktop\BR MODE BY DEATH ENGINE\example_win32_directx11\EspLines\Math\Vector\Vector3.hpp(492,60): warning C4305: 'argument': truncation from 'double' to 'float'
  (compiling source file 'EspLines/Exploits/Speed/SpeedHack.cpp')
  
C:\Users\Meherab\Desktop\BR MODE BY DEATH ENGINE\example_win32_directx11\EspLines\Math\Vector\Vector3.hpp(496,38): warning C4244: 'argument': conversion from 'double' to 'const float', possible loss of data
  (compiling source file 'EspLines/Exploits/Speed/SpeedHack.cpp')
  
C:\Users\Meherab\Desktop\BR MODE BY DEATH ENGINE\example_win32_directx11\EspLines\Math\Vector\Vector3.hpp(497,35): warning C4244: 'argument': conversion from 'double' to 'const float', possible loss of data
  (compiling source file 'EspLines/Exploits/Speed/SpeedHack.cpp')
  
C:\Users\Meherab\Desktop\BR MODE BY DEATH ENGINE\example_win32_directx11\EspLines\Math\Vector\Vector3.hpp(520,15): warning C4244: '=': conversion from 'double' to 'float', possible loss of data
  (compiling source file 'EspLines/Exploits/Speed/SpeedHack.cpp')
  
C:\Users\Meherab\Desktop\BR MODE BY DEATH ENGINE\example_win32_directx11\EspLines\Math\Vector\Vector3.hpp(521,15): warning C4244: '=': conversion from 'double' to 'float', possible loss of data
  (compiling source file 'EspLines/Exploits/Speed/SpeedHack.cpp')
  
C:\Users\Meherab\Desktop\BR MODE BY DEATH ENGINE\example_win32_directx11\EspLines\Math\Vector\Vector3.hpp(522,17): warning C4244: 'initializing': conversion from 'double' to 'float', possible loss of data
  (compiling source file 'EspLines/Exploits/Speed/SpeedHack.cpp')
  
C:\Users\Meherab\Desktop\BR MODE BY DEATH ENGINE\example_win32_directx11\EspLines\Math\Vector\Vector3.hpp(524,29): warning C4244: 'argument': conversion from 'double' to 'const float', possible loss of data
  (compiling source file 'EspLines/Exploits/Speed/SpeedHack.cpp')
  
C:\Users\Meherab\Desktop\BR MODE BY DEATH ENGINE\example_win32_directx11\EspLines\Math\Vector\Vector3.hpp(524,56): warning C4244: 'argument': conversion from 'double' to 'const float', possible loss of data
  (compiling source file 'EspLines/Exploits/Speed/SpeedHack.cpp')
  
C:\Users\Meherab\Desktop\BR MODE BY DEATH ENGINE\example_win32_directx11\EspLines\Math\Vector\Vector3.hpp(538,13): warning C4244: '=': conversion from 'double' to 'float', possible loss of data
  (compiling source file 'EspLines/Exploits/Speed/SpeedHack.cpp')
  
C:\Users\Meherab\Desktop\BR MODE BY DEATH ENGINE\example_win32_directx11\EspLines\Math\Vector\Vector3.hpp(539,13): warning C4244: '=': conversion from 'double' to 'float', possible loss of data
  (compiling source file 'EspLines/Exploits/Speed/SpeedHack.cpp')
  
C:\Users\Meherab\Desktop\BR MODE BY DEATH ENGINE\example_win32_directx11\EspLines\Math\Vector\Vector3.hpp(540,17): warning C4244: '=': conversion from 'double' to 'float', possible loss of data
  (compiling source file 'EspLines/Exploits/Speed/SpeedHack.cpp')
  
C:\Users\Meherab\Desktop\BR MODE BY DEATH ENGINE\example_win32_directx11\EspLines\Math\Vector\Vector3.hpp(541,16): warning C4244: '=': conversion from 'double' to 'float', possible loss of data
  (compiling source file 'EspLines/Exploits/Speed/SpeedHack.cpp')
  
C:\Users\Meherab\Desktop\BR MODE BY DEATH ENGINE\example_win32_directx11\EspLines\Math\Vector\Vector3.hpp(594,21): warning C4312: 'type cast': conversion from 'int' to 'const char *' of greater size
  (compiling source file 'EspLines/Exploits/Speed/SpeedHack.cpp')
  
C:\Users\Meherab\Desktop\BR MODE BY DEATH ENGINE\example_win32_directx11\EspLines\Math\Vector\Vector3.hpp(595,21): warning C4312: 'type cast': conversion from 'int' to 'const char *' of greater size
  (compiling source file 'EspLines/Exploits/Speed/SpeedHack.cpp')
  
C:\Users\Meherab\Desktop\BR MODE BY DEATH ENGINE\example_win32_directx11\EspLines\Math\Vector\Vector3.hpp(596,21): warning C4312: 'type cast': conversion from 'int' to 'const char *' of greater size
  (compiling source file 'EspLines/Exploits/Speed/SpeedHack.cpp')
  
  SpeedTimer.cpp
C:\Users\Meherab\Desktop\BR MODE BY DEATH ENGINE\example_win32_directx11\EspLines\Math\Vector\Vector3.hpp(11,9): warning C4201: nonstandard extension used: nameless struct/union
  (compiling source file 'EspLines/Exploits/Speed/SpeedTimer.cpp')
  
C:\Users\Meherab\Desktop\BR MODE BY DEATH ENGINE\example_win32_directx11\EspLines\Math\Vector\Vector3.hpp(339,13): warning C4244: '=': conversion from 'double' to 'float', possible loss of data
  (compiling source file 'EspLines/Exploits/Speed/SpeedTimer.cpp')
  
C:\Users\Meherab\Desktop\BR MODE BY DEATH ENGINE\example_win32_directx11\EspLines\Math\Vector\Vector3.hpp(340,13): warning C4244: '=': conversion from 'double' to 'float', possible loss of data
  (compiling source file 'EspLines/Exploits/Speed/SpeedTimer.cpp')
  
C:\Users\Meherab\Desktop\BR MODE BY DEATH ENGINE\example_win32_directx11\EspLines\Math\Vector\Vector3.hpp(492,72): warning C4305: 'argument': truncation from 'double' to 'float'
  (compiling source file 'EspLines/Exploits/Speed/SpeedTimer.cpp')
  
C:\Users\Meherab\Desktop\BR MODE BY DEATH ENGINE\example_win32_directx11\EspLines\Math\Vector\Vector3.hpp(492,66): warning C4305: 'argument': truncation from 'double' to 'float'
  (compiling source file 'EspLines/Exploits/Speed/SpeedTimer.cpp')
  
C:\Users\Meherab\Desktop\BR MODE BY DEATH ENGINE\example_win32_directx11\EspLines\Math\Vector\Vector3.hpp(492,60): warning C4305: 'argument': truncation from 'double' to 'float'
  (compiling source file 'EspLines/Exploits/Speed/SpeedTimer.cpp')
  
C:\Users\Meherab\Desktop\BR MODE BY DEATH ENGINE\example_win32_directx11\EspLines\Math\Vector\Vector3.hpp(520,15): warning C4244: '=': conversion from 'double' to 'float', possible loss of data
  (compiling source file 'EspLines/Exploits/Speed/SpeedTimer.cpp')
  
C:\Users\Meherab\Desktop\BR MODE BY DEATH ENGINE\example_win32_directx11\EspLines\Math\Vector\Vector3.hpp(521,15): warning C4244: '=': conversion from 'double' to 'float', possible loss of data
  (compiling source file 'EspLines/Exploits/Speed/SpeedTimer.cpp')
  
C:\Users\Meherab\Desktop\BR MODE BY DEATH ENGINE\example_win32_directx11\EspLines\Math\Vector\Vector3.hpp(538,13): warning C4244: '=': conversion from 'double' to 'float', possible loss of data
  (compiling source file 'EspLines/Exploits/Speed/SpeedTimer.cpp')
  
C:\Users\Meherab\Desktop\BR MODE BY DEATH ENGINE\example_win32_directx11\EspLines\Math\Vector\Vector3.hpp(539,13): warning C4244: '=': conversion from 'double' to 'float', possible loss of data
  (compiling source file 'EspLines/Exploits/Speed/SpeedTimer.cpp')
  
C:\Users\Meherab\Desktop\BR MODE BY DEATH ENGINE\example_win32_directx11\EspLines\Math\Vector\Vector3.hpp(594,21): warning C4312: 'type cast': conversion from 'int' to 'const char *' of greater size
  (compiling source file 'EspLines/Exploits/Speed/SpeedTimer.cpp')
  
C:\Users\Meherab\Desktop\BR MODE BY DEATH ENGINE\example_win32_directx11\EspLines\Math\Vector\Vector3.hpp(595,21): warning C4312: 'type cast': conversion from 'int' to 'const char *' of greater size
  (compiling source file 'EspLines/Exploits/Speed/SpeedTimer.cpp')
  
C:\Users\Meherab\Desktop\BR MODE BY DEATH ENGINE\example_win32_directx11\EspLines\Math\Vector\Vector3.hpp(596,21): warning C4312: 'type cast': conversion from 'int' to 'const char *' of greater size
  (compiling source file 'EspLines/Exploits/Speed/SpeedTimer.cpp')
  
  FastFire.cpp
C:\Users\Meherab\Desktop\BR MODE BY DEATH ENGINE\example_win32_directx11\EspLines\Math\Vector\Vector3.hpp(11,9): warning C4201: nonstandard extension used: nameless struct/union
  (compiling source file 'EspLines/Exploits/Weapons/FastFire.cpp')
  
C:\Users\Meherab\Desktop\BR MODE BY DEATH ENGINE\example_win32_directx11\EspLines\Math\Vector\Vector3.hpp(339,13): warning C4244: '=': conversion from 'double' to 'float', possible loss of data
  (compiling source file 'EspLines/Exploits/Weapons/FastFire.cpp')
  
C:\Users\Meherab\Desktop\BR MODE BY DEATH ENGINE\example_win32_directx11\EspLines\Math\Vector\Vector3.hpp(340,13): warning C4244: '=': conversion from 'double' to 'float', possible loss of data
  (compiling source file 'EspLines/Exploits/Weapons/FastFire.cpp')
  
C:\Users\Meherab\Desktop\BR MODE BY DEATH ENGINE\example_win32_directx11\EspLines\Math\Vector\Vector3.hpp(492,72): warning C4305: 'argument': truncation from 'double' to 'float'
  (compiling source file 'EspLines/Exploits/Weapons/FastFire.cpp')
  
C:\Users\Meherab\Desktop\BR MODE BY DEATH ENGINE\example_win32_directx11\EspLines\Math\Vector\Vector3.hpp(492,66): warning C4305: 'argument': truncation from 'double' to 'float'
  (compiling source file 'EspLines/Exploits/Weapons/FastFire.cpp')
  
C:\Users\Meherab\Desktop\BR MODE BY DEATH ENGINE\example_win32_directx11\EspLines\Math\Vector\Vector3.hpp(492,60): warning C4305: 'argument': truncation from 'double' to 'float'
  (compiling source file 'EspLines/Exploits/Weapons/FastFire.cpp')
  
C:\Users\Meherab\Desktop\BR MODE BY DEATH ENGINE\example_win32_directx11\EspLines\Math\Vector\Vector3.hpp(520,15): warning C4244: '=': conversion from 'double' to 'float', possible loss of data
  (compiling source file 'EspLines/Exploits/Weapons/FastFire.cpp')
  
C:\Users\Meherab\Desktop\BR MODE BY DEATH ENGINE\example_win32_directx11\EspLines\Math\Vector\Vector3.hpp(521,15): warning C4244: '=': conversion from 'double' to 'float', possible loss of data
  (compiling source file 'EspLines/Exploits/Weapons/FastFire.cpp')
  
C:\Users\Meherab\Desktop\BR MODE BY DEATH ENGINE\example_win32_directx11\EspLines\Math\Vector\Vector3.hpp(538,13): warning C4244: '=': conversion from 'double' to 'float', possible loss of data
  (compiling source file 'EspLines/Exploits/Weapons/FastFire.cpp')
  
C:\Users\Meherab\Desktop\BR MODE BY DEATH ENGINE\example_win32_directx11\EspLines\Math\Vector\Vector3.hpp(539,13): warning C4244: '=': conversion from 'double' to 'float', possible loss of data
  (compiling source file 'EspLines/Exploits/Weapons/FastFire.cpp')
  
C:\Users\Meherab\Desktop\BR MODE BY DEATH ENGINE\example_win32_directx11\EspLines\Math\Vector\Vector3.hpp(594,21): warning C4312: 'type cast': conversion from 'int' to 'const char *' of greater size
  (compiling source file 'EspLines/Exploits/Weapons/FastFire.cpp')
  
C:\Users\Meherab\Desktop\BR MODE BY DEATH ENGINE\example_win32_directx11\EspLines\Math\Vector\Vector3.hpp(595,21): warning C4312: 'type cast': conversion from 'int' to 'const char *' of greater size
  (compiling source file 'EspLines/Exploits/Weapons/FastFire.cpp')
  
C:\Users\Meherab\Desktop\BR MODE BY DEATH ENGINE\example_win32_directx11\EspLines\Math\Vector\Vector3.hpp(596,21): warning C4312: 'type cast': conversion from 'int' to 'const char *' of greater size
  (compiling source file 'EspLines/Exploits/Weapons/FastFire.cpp')
  
C:\Users\Meherab\Desktop\BR MODE BY DEATH ENGINE\example_win32_directx11\EspLines\Math\Vector\Vector2.hpp(10,9): warning C4201: nonstandard extension used: nameless struct/union
  (compiling source file 'EspLines/Exploits/Weapons/FastFire.cpp')
  
C:\Users\Meherab\Desktop\BR MODE BY DEATH ENGINE\example_win32_directx11\EspLines\Math\Vector\Vector2.hpp(295,13): warning C4244: '=': conversion from 'double' to 'float', possible loss of data
  (compiling source file 'EspLines/Exploits/Weapons/FastFire.cpp')
  
C:\Users\Meherab\Desktop\BR MODE BY DEATH ENGINE\example_win32_directx11\EspLines\Math\Vector\Vector2.hpp(296,13): warning C4244: '=': conversion from 'double' to 'float', possible loss of data
  (compiling source file 'EspLines/Exploits/Weapons/FastFire.cpp')
  
C:\Users\Meherab\Desktop\BR MODE BY DEATH ENGINE\example_win32_directx11\EspLines\Math\Vector\Vector2.hpp(449,15): warning C4244: '=': conversion from 'double' to 'float', possible loss of data
  (compiling source file 'EspLines/Exploits/Weapons/FastFire.cpp')
  
C:\Users\Meherab\Desktop\BR MODE BY DEATH ENGINE\example_win32_directx11\EspLines\Math\Vector\Vector2.hpp(450,15): warning C4244: '=': conversion from 'double' to 'float', possible loss of data
  (compiling source file 'EspLines/Exploits/Weapons/FastFire.cpp')
  
  InfiniteAmmo.cpp
C:\Users\Meherab\Desktop\BR MODE BY DEATH ENGINE\example_win32_directx11\EspLines\Math\Vector\Vector3.hpp(11,9): warning C4201: nonstandard extension used: nameless struct/union
  (compiling source file 'EspLines/Exploits/Weapons/InfiniteAmmo.cpp')
  
C:\Users\Meherab\Desktop\BR MODE BY DEATH ENGINE\example_win32_directx11\EspLines\Math\Vector\Vector3.hpp(339,13): warning C4244: '=': conversion from 'double' to 'float', possible loss of data
  (compiling source file 'EspLines/Exploits/Weapons/InfiniteAmmo.cpp')
  
C:\Users\Meherab\Desktop\BR MODE BY DEATH ENGINE\example_win32_directx11\EspLines\Math\Vector\Vector3.hpp(340,13): warning C4244: '=': conversion from 'double' to 'float', possible loss of data
  (compiling source file 'EspLines/Exploits/Weapons/InfiniteAmmo.cpp')
  
C:\Users\Meherab\Desktop\BR MODE BY DEATH ENGINE\example_win32_directx11\EspLines\Math\Vector\Vector3.hpp(492,72): warning C4305: 'argument': truncation from 'double' to 'float'
  (compiling source file 'EspLines/Exploits/Weapons/InfiniteAmmo.cpp')
  
C:\Users\Meherab\Desktop\BR MODE BY DEATH ENGINE\example_win32_directx11\EspLines\Math\Vector\Vector3.hpp(492,66): warning C4305: 'argument': truncation from 'double' to 'float'
  (compiling source file 'EspLines/Exploits/Weapons/InfiniteAmmo.cpp')
  
C:\Users\Meherab\Desktop\BR MODE BY DEATH ENGINE\example_win32_directx11\EspLines\Math\Vector\Vector3.hpp(492,60): warning C4305: 'argument': truncation from 'double' to 'float'
  (compiling source file 'EspLines/Exploits/Weapons/InfiniteAmmo.cpp')
  
C:\Users\Meherab\Desktop\BR MODE BY DEATH ENGINE\example_win32_directx11\EspLines\Math\Vector\Vector3.hpp(520,15): warning C4244: '=': conversion from 'double' to 'float', possible loss of data
  (compiling source file 'EspLines/Exploits/Weapons/InfiniteAmmo.cpp')
  
C:\Users\Meherab\Desktop\BR MODE BY DEATH ENGINE\example_win32_directx11\EspLines\Math\Vector\Vector3.hpp(521,15): warning C4244: '=': conversion from 'double' to 'float', possible loss of data
  (compiling source file 'EspLines/Exploits/Weapons/InfiniteAmmo.cpp')
  
C:\Users\Meherab\Desktop\BR MODE BY DEATH ENGINE\example_win32_directx11\EspLines\Math\Vector\Vector3.hpp(538,13): warning C4244: '=': conversion from 'double' to 'float', possible loss of data
  (compiling source file 'EspLines/Exploits/Weapons/InfiniteAmmo.cpp')
  
C:\Users\Meherab\Desktop\BR MODE BY DEATH ENGINE\example_win32_directx11\EspLines\Math\Vector\Vector3.hpp(539,13): warning C4244: '=': conversion from 'double' to 'float', possible loss of data
  (compiling source file 'EspLines/Exploits/Weapons/InfiniteAmmo.cpp')
  
C:\Users\Meherab\Desktop\BR MODE BY DEATH ENGINE\example_win32_directx11\EspLines\Math\Vector\Vector3.hpp(594,21): warning C4312: 'type cast': conversion from 'int' to 'const char *' of greater size
  (compiling source file 'EspLines/Exploits/Weapons/InfiniteAmmo.cpp')
  
C:\Users\Meherab\Desktop\BR MODE BY DEATH ENGINE\example_win32_directx11\EspLines\Math\Vector\Vector3.hpp(595,21): warning C4312: 'type cast': conversion from 'int' to 'const char *' of greater size
  (compiling source file 'EspLines/Exploits/Weapons/InfiniteAmmo.cpp')
  
C:\Users\Meherab\Desktop\BR MODE BY DEATH ENGINE\example_win32_directx11\EspLines\Math\Vector\Vector3.hpp(596,21): warning C4312: 'type cast': conversion from 'int' to 'const char *' of greater size
  (compiling source file 'EspLines/Exploits/Weapons/InfiniteAmmo.cpp')
  
C:\Users\Meherab\Desktop\BR MODE BY DEATH ENGINE\example_win32_directx11\EspLines\Math\Vector\Vector2.hpp(10,9): warning C4201: nonstandard extension used: nameless struct/union
  (compiling source file 'EspLines/Exploits/Weapons/InfiniteAmmo.cpp')
  
C:\Users\Meherab\Desktop\BR MODE BY DEATH ENGINE\example_win32_directx11\EspLines\Math\Vector\Vector2.hpp(295,13): warning C4244: '=': conversion from 'double' to 'float', possible loss of data
  (compiling source file 'EspLines/Exploits/Weapons/InfiniteAmmo.cpp')
  
C:\Users\Meherab\Desktop\BR MODE BY DEATH ENGINE\example_win32_directx11\EspLines\Math\Vector\Vector2.hpp(296,13): warning C4244: '=': conversion from 'double' to 'float', possible loss of data
  (compiling source file 'EspLines/Exploits/Weapons/InfiniteAmmo.cpp')
  
C:\Users\Meherab\Desktop\BR MODE BY DEATH ENGINE\example_win32_directx11\EspLines\Math\Vector\Vector2.hpp(449,15): warning C4244: '=': conversion from 'double' to 'float', possible loss of data
  (compiling source file 'EspLines/Exploits/Weapons/InfiniteAmmo.cpp')
  
C:\Users\Meherab\Desktop\BR MODE BY DEATH ENGINE\example_win32_directx11\EspLines\Math\Vector\Vector2.hpp(450,15): warning C4244: '=': conversion from 'double' to 'float', possible loss of data
  (compiling source file 'EspLines/Exploits/Weapons/InfiniteAmmo.cpp')
  
  NoRecoil.cpp
C:\Users\Meherab\Desktop\BR MODE BY DEATH ENGINE\example_win32_directx11\EspLines\Math\Vector\Vector3.hpp(11,9): warning C4201: nonstandard extension used: nameless struct/union
  (compiling source file 'EspLines/Exploits/Weapons/NoRecoil.cpp')
  
C:\Users\Meherab\Desktop\BR MODE BY DEATH ENGINE\example_win32_directx11\EspLines\Math\Vector\Vector3.hpp(339,13): warning C4244: '=': conversion from 'double' to 'float', possible loss of data
  (compiling source file 'EspLines/Exploits/Weapons/NoRecoil.cpp')
  
C:\Users\Meherab\Desktop\BR MODE BY DEATH ENGINE\example_win32_directx11\EspLines\Math\Vector\Vector3.hpp(340,13): warning C4244: '=': conversion from 'double' to 'float', possible loss of data
  (compiling source file 'EspLines/Exploits/Weapons/NoRecoil.cpp')
  
C:\Users\Meherab\Desktop\BR MODE BY DEATH ENGINE\example_win32_directx11\EspLines\Math\Vector\Vector3.hpp(492,72): warning C4305: 'argument': truncation from 'double' to 'float'
  (compiling source file 'EspLines/Exploits/Weapons/NoRecoil.cpp')
  
C:\Users\Meherab\Desktop\BR MODE BY DEATH ENGINE\example_win32_directx11\EspLines\Math\Vector\Vector3.hpp(492,66): warning C4305: 'argument': truncation from 'double' to 'float'
  (compiling source file 'EspLines/Exploits/Weapons/NoRecoil.cpp')
  
C:\Users\Meherab\Desktop\BR MODE BY DEATH ENGINE\example_win32_directx11\EspLines\Math\Vector\Vector3.hpp(492,60): warning C4305: 'argument': truncation from 'double' to 'float'
  (compiling source file 'EspLines/Exploits/Weapons/NoRecoil.cpp')
  
C:\Users\Meherab\Desktop\BR MODE BY DEATH ENGINE\example_win32_directx11\EspLines\Math\Vector\Vector3.hpp(520,15): warning C4244: '=': conversion from 'double' to 'float', possible loss of data
  (compiling source file 'EspLines/Exploits/Weapons/NoRecoil.cpp')
  
C:\Users\Meherab\Desktop\BR MODE BY DEATH ENGINE\example_win32_directx11\EspLines\Math\Vector\Vector3.hpp(521,15): warning C4244: '=': conversion from 'double' to 'float', possible loss of data
  (compiling source file 'EspLines/Exploits/Weapons/NoRecoil.cpp')
  
C:\Users\Meherab\Desktop\BR MODE BY DEATH ENGINE\example_win32_directx11\EspLines\Math\Vector\Vector3.hpp(538,13): warning C4244: '=': conversion from 'double' to 'float', possible loss of data
  (compiling source file 'EspLines/Exploits/Weapons/NoRecoil.cpp')
  
C:\Users\Meherab\Desktop\BR MODE BY DEATH ENGINE\example_win32_directx11\EspLines\Math\Vector\Vector3.hpp(539,13): warning C4244: '=': conversion from 'double' to 'float', possible loss of data
  (compiling source file 'EspLines/Exploits/Weapons/NoRecoil.cpp')
  
C:\Users\Meherab\Desktop\BR MODE BY DEATH ENGINE\example_win32_directx11\EspLines\Math\Vector\Vector3.hpp(594,21): warning C4312: 'type cast': conversion from 'int' to 'const char *' of greater size
  (compiling source file 'EspLines/Exploits/Weapons/NoRecoil.cpp')
  
C:\Users\Meherab\Desktop\BR MODE BY DEATH ENGINE\example_win32_directx11\EspLines\Math\Vector\Vector3.hpp(595,21): warning C4312: 'type cast': conversion from 'int' to 'const char *' of greater size
  (compiling source file 'EspLines/Exploits/Weapons/NoRecoil.cpp')
  
C:\Users\Meherab\Desktop\BR MODE BY DEATH ENGINE\example_win32_directx11\EspLines\Math\Vector\Vector3.hpp(596,21): warning C4312: 'type cast': conversion from 'int' to 'const char *' of greater size
  (compiling source file 'EspLines/Exploits/Weapons/NoRecoil.cpp')
  
C:\Users\Meherab\Desktop\BR MODE BY DEATH ENGINE\example_win32_directx11\EspLines\Math\Vector\Vector2.hpp(10,9): warning C4201: nonstandard extension used: nameless struct/union
  (compiling source file 'EspLines/Exploits/Weapons/NoRecoil.cpp')
  
C:\Users\Meherab\Desktop\BR MODE BY DEATH ENGINE\example_win32_directx11\EspLines\Math\Vector\Vector2.hpp(295,13): warning C4244: '=': conversion from 'double' to 'float', possible loss of data
  (compiling source file 'EspLines/Exploits/Weapons/NoRecoil.cpp')
  
C:\Users\Meherab\Desktop\BR MODE BY DEATH ENGINE\example_win32_directx11\EspLines\Math\Vector\Vector2.hpp(296,13): warning C4244: '=': conversion from 'double' to 'float', possible loss of data
  (compiling source file 'EspLines/Exploits/Weapons/NoRecoil.cpp')
  
C:\Users\Meherab\Desktop\BR MODE BY DEATH ENGINE\example_win32_directx11\EspLines\Math\Vector\Vector2.hpp(449,15): warning C4244: '=': conversion from 'double' to 'float', possible loss of data
  (compiling source file 'EspLines/Exploits/Weapons/NoRecoil.cpp')
  
C:\Users\Meherab\Desktop\BR MODE BY DEATH ENGINE\example_win32_directx11\EspLines\Math\Vector\Vector2.hpp(450,15): warning C4244: '=': conversion from 'double' to 'float', possible loss of data
  (compiling source file 'EspLines/Exploits/Weapons/NoRecoil.cpp')
  
  VisionHack.cpp
C:\Users\Meherab\Desktop\BR MODE BY DEATH ENGINE\example_win32_directx11\EspLines\Math\Vector\Vector3.hpp(11,9): warning C4201: nonstandard extension used: nameless struct/union
  (compiling source file 'EspLines/Exploits/Weapons/VisionHack.cpp')
  
C:\Users\Meherab\Desktop\BR MODE BY DEATH ENGINE\example_win32_directx11\EspLines\Math\Vector\Vector3.hpp(339,13): warning C4244: '=': conversion from 'double' to 'float', possible loss of data
  (compiling source file 'EspLines/Exploits/Weapons/VisionHack.cpp')
  
C:\Users\Meherab\Desktop\BR MODE BY DEATH ENGINE\example_win32_directx11\EspLines\Math\Vector\Vector3.hpp(340,13): warning C4244: '=': conversion from 'double' to 'float', possible loss of data
  (compiling source file 'EspLines/Exploits/Weapons/VisionHack.cpp')
  
C:\Users\Meherab\Desktop\BR MODE BY DEATH ENGINE\example_win32_directx11\EspLines\Math\Vector\Vector3.hpp(492,72): warning C4305: 'argument': truncation from 'double' to 'float'
  (compiling source file 'EspLines/Exploits/Weapons/VisionHack.cpp')
  
C:\Users\Meherab\Desktop\BR MODE BY DEATH ENGINE\example_win32_directx11\EspLines\Math\Vector\Vector3.hpp(492,66): warning C4305: 'argument': truncation from 'double' to 'float'
  (compiling source file 'EspLines/Exploits/Weapons/VisionHack.cpp')
  
C:\Users\Meherab\Desktop\BR MODE BY DEATH ENGINE\example_win32_directx11\EspLines\Math\Vector\Vector3.hpp(492,60): warning C4305: 'argument': truncation from 'double' to 'float'
  (compiling source file 'EspLines/Exploits/Weapons/VisionHack.cpp')
  
C:\Users\Meherab\Desktop\BR MODE BY DEATH ENGINE\example_win32_directx11\EspLines\Math\Vector\Vector3.hpp(520,15): warning C4244: '=': conversion from 'double' to 'float', possible loss of data
  (compiling source file 'EspLines/Exploits/Weapons/VisionHack.cpp')
  
C:\Users\Meherab\Desktop\BR MODE BY DEATH ENGINE\example_win32_directx11\EspLines\Math\Vector\Vector3.hpp(521,15): warning C4244: '=': conversion from 'double' to 'float', possible loss of data
  (compiling source file 'EspLines/Exploits/Weapons/VisionHack.cpp')
  
C:\Users\Meherab\Desktop\BR MODE BY DEATH ENGINE\example_win32_directx11\EspLines\Math\Vector\Vector3.hpp(538,13): warning C4244: '=': conversion from 'double' to 'float', possible loss of data
  (compiling source file 'EspLines/Exploits/Weapons/VisionHack.cpp')
  
C:\Users\Meherab\Desktop\BR MODE BY DEATH ENGINE\example_win32_directx11\EspLines\Math\Vector\Vector3.hpp(539,13): warning C4244: '=': conversion from 'double' to 'float', possible loss of data
  (compiling source file 'EspLines/Exploits/Weapons/VisionHack.cpp')
  
C:\Users\Meherab\Desktop\BR MODE BY DEATH ENGINE\example_win32_directx11\EspLines\Math\Vector\Vector3.hpp(594,21): warning C4312: 'type cast': conversion from 'int' to 'const char *' of greater size
  (compiling source file 'EspLines/Exploits/Weapons/VisionHack.cpp')
  
C:\Users\Meherab\Desktop\BR MODE BY DEATH ENGINE\example_win32_directx11\EspLines\Math\Vector\Vector3.hpp(595,21): warning C4312: 'type cast': conversion from 'int' to 'const char *' of greater size
  (compiling source file 'EspLines/Exploits/Weapons/VisionHack.cpp')
  
C:\Users\Meherab\Desktop\BR MODE BY DEATH ENGINE\example_win32_directx11\EspLines\Math\Vector\Vector3.hpp(596,21): warning C4312: 'type cast': conversion from 'int' to 'const char *' of greater size
  (compiling source file 'EspLines/Exploits/Weapons/VisionHack.cpp')
  
  Sniper.cpp
C:\Users\Meherab\Desktop\BR MODE BY DEATH ENGINE\example_win32_directx11\EspLines\Math\Vector\Vector3.hpp(11,9): warning C4201: nonstandard extension used: nameless struct/union
  (compiling source file 'EspLines/Exploits/Weapons/Sniper.cpp')
  
C:\Users\Meherab\Desktop\BR MODE BY DEATH ENGINE\example_win32_directx11\EspLines\Math\Vector\Vector3.hpp(339,13): warning C4244: '=': conversion from 'double' to 'float', possible loss of data
  (compiling source file 'EspLines/Exploits/Weapons/Sniper.cpp')
  
C:\Users\Meherab\Desktop\BR MODE BY DEATH ENGINE\example_win32_directx11\EspLines\Math\Vector\Vector3.hpp(340,13): warning C4244: '=': conversion from 'double' to 'float', possible loss of data
  (compiling source file 'EspLines/Exploits/Weapons/Sniper.cpp')
  
C:\Users\Meherab\Desktop\BR MODE BY DEATH ENGINE\example_win32_directx11\EspLines\Math\Vector\Vector3.hpp(492,72): warning C4305: 'argument': truncation from 'double' to 'float'
  (compiling source file 'EspLines/Exploits/Weapons/Sniper.cpp')
  
C:\Users\Meherab\Desktop\BR MODE BY DEATH ENGINE\example_win32_directx11\EspLines\Math\Vector\Vector3.hpp(492,66): warning C4305: 'argument': truncation from 'double' to 'float'
  (compiling source file 'EspLines/Exploits/Weapons/Sniper.cpp')
  
C:\Users\Meherab\Desktop\BR MODE BY DEATH ENGINE\example_win32_directx11\EspLines\Math\Vector\Vector3.hpp(492,60): warning C4305: 'argument': truncation from 'double' to 'float'
  (compiling source file 'EspLines/Exploits/Weapons/Sniper.cpp')
  
C:\Users\Meherab\Desktop\BR MODE BY DEATH ENGINE\example_win32_directx11\EspLines\Math\Vector\Vector3.hpp(520,15): warning C4244: '=': conversion from 'double' to 'float', possible loss of data
  (compiling source file 'EspLines/Exploits/Weapons/Sniper.cpp')
  
C:\Users\Meherab\Desktop\BR MODE BY DEATH ENGINE\example_win32_directx11\EspLines\Math\Vector\Vector3.hpp(521,15): warning C4244: '=': conversion from 'double' to 'float', possible loss of data
  (compiling source file 'EspLines/Exploits/Weapons/Sniper.cpp')
  
C:\Users\Meherab\Desktop\BR MODE BY DEATH ENGINE\example_win32_directx11\EspLines\Math\Vector\Vector3.hpp(538,13): warning C4244: '=': conversion from 'double' to 'float', possible loss of data
  (compiling source file 'EspLines/Exploits/Weapons/Sniper.cpp')
  
C:\Users\Meherab\Desktop\BR MODE BY DEATH ENGINE\example_win32_directx11\EspLines\Math\Vector\Vector3.hpp(539,13): warning C4244: '=': conversion from 'double' to 'float', possible loss of data
  (compiling source file 'EspLines/Exploits/Weapons/Sniper.cpp')
  
C:\Users\Meherab\Desktop\BR MODE BY DEATH ENGINE\example_win32_directx11\EspLines\Math\Vector\Vector3.hpp(594,21): warning C4312: 'type cast': conversion from 'int' to 'const char *' of greater size
  (compiling source file 'EspLines/Exploits/Weapons/Sniper.cpp')
  
C:\Users\Meherab\Desktop\BR MODE BY DEATH ENGINE\example_win32_directx11\EspLines\Math\Vector\Vector3.hpp(595,21): warning C4312: 'type cast': conversion from 'int' to 'const char *' of greater size
  (compiling source file 'EspLines/Exploits/Weapons/Sniper.cpp')
  
C:\Users\Meherab\Desktop\BR MODE BY DEATH ENGINE\example_win32_directx11\EspLines\Math\Vector\Vector3.hpp(596,21): warning C4312: 'type cast': conversion from 'int' to 'const char *' of greater size
  (compiling source file 'EspLines/Exploits/Weapons/Sniper.cpp')
  
C:\Users\Meherab\Desktop\BR MODE BY DEATH ENGINE\example_win32_directx11\EspLines\Math\Vector\Vector2.hpp(10,9): warning C4201: nonstandard extension used: nameless struct/union
  (compiling source file 'EspLines/Exploits/Weapons/Sniper.cpp')
  
C:\Users\Meherab\Desktop\BR MODE BY DEATH ENGINE\example_win32_directx11\EspLines\Math\Vector\Vector2.hpp(295,13): warning C4244: '=': conversion from 'double' to 'float', possible loss of data
  (compiling source file 'EspLines/Exploits/Weapons/Sniper.cpp')
  
C:\Users\Meherab\Desktop\BR MODE BY DEATH ENGINE\example_win32_directx11\EspLines\Math\Vector\Vector2.hpp(296,13): warning C4244: '=': conversion from 'double' to 'float', possible loss of data
  (compiling source file 'EspLines/Exploits/Weapons/Sniper.cpp')
  
C:\Users\Meherab\Desktop\BR MODE BY DEATH ENGINE\example_win32_directx11\EspLines\Math\Vector\Vector2.hpp(449,15): warning C4244: '=': conversion from 'double' to 'float', possible loss of data
  (compiling source file 'EspLines/Exploits/Weapons/Sniper.cpp')
  
C:\Users\Meherab\Desktop\BR MODE BY DEATH ENGINE\example_win32_directx11\EspLines\Math\Vector\Vector2.hpp(450,15): warning C4244: '=': conversion from 'double' to 'float', possible loss of data
  (compiling source file 'EspLines/Exploits/Weapons/Sniper.cpp')
  
C:\Users\Meherab\Desktop\BR MODE BY DEATH ENGINE\example_win32_directx11\EspLines\Math\Quaternion.hpp(94,9): warning C4201: nonstandard extension used: nameless struct/union
  (compiling source file 'EspLines/Exploits/Weapons/Sniper.cpp')
  
C:\Users\Meherab\Desktop\BR MODE BY DEATH ENGINE\example_win32_directx11\EspLines\Math\Quaternion.hpp(355,37): warning C4244: 'return': conversion from 'double' to 'float', possible loss of data
  (compiling source file 'EspLines/Exploits/Weapons/Sniper.cpp')
  
C:\Users\Meherab\Desktop\BR MODE BY DEATH ENGINE\example_win32_directx11\EspLines\Math\Quaternion.hpp(387,14): warning C4244: 'initializing': conversion from 'double' to 'float', possible loss of data
  (compiling source file 'EspLines/Exploits/Weapons/Sniper.cpp')
  
C:\Users\Meherab\Desktop\BR MODE BY DEATH ENGINE\example_win32_directx11\EspLines\Math\Quaternion.hpp(388,14): warning C4244: 'initializing': conversion from 'double' to 'float', possible loss of data
  (compiling source file 'EspLines/Exploits/Weapons/Sniper.cpp')
  
C:\Users\Meherab\Desktop\BR MODE BY DEATH ENGINE\example_win32_directx11\EspLines\Math\Quaternion.hpp(389,14): warning C4244: 'initializing': conversion from 'double' to 'float', possible loss of data
  (compiling source file 'EspLines/Exploits/Weapons/Sniper.cpp')
  
C:\Users\Meherab\Desktop\BR MODE BY DEATH ENGINE\example_win32_directx11\EspLines\Math\Quaternion.hpp(390,14): warning C4244: 'initializing': conversion from 'double' to 'float', possible loss of data
  (compiling source file 'EspLines/Exploits/Weapons/Sniper.cpp')
  
C:\Users\Meherab\Desktop\BR MODE BY DEATH ENGINE\example_win32_directx11\EspLines\Math\Quaternion.hpp(391,14): warning C4244: 'initializing': conversion from 'double' to 'float', possible loss of data
  (compiling source file 'EspLines/Exploits/Weapons/Sniper.cpp')
  
C:\Users\Meherab\Desktop\BR MODE BY DEATH ENGINE\example_win32_directx11\EspLines\Math\Quaternion.hpp(392,14): warning C4244: 'initializing': conversion from 'double' to 'float', possible loss of data
  (compiling source file 'EspLines/Exploits/Weapons/Sniper.cpp')
  
C:\Users\Meherab\Desktop\BR MODE BY DEATH ENGINE\example_win32_directx11\EspLines\Math\Quaternion.hpp(462,45): warning C4244: '=': conversion from 'double' to 'float', possible loss of data
  (compiling source file 'EspLines/Exploits/Weapons/Sniper.cpp')
  
C:\Users\Meherab\Desktop\BR MODE BY DEATH ENGINE\example_win32_directx11\EspLines\Math\Quaternion.hpp(463,21): warning C4244: 'initializing': conversion from 'double' to 'float', possible loss of data
  (compiling source file 'EspLines/Exploits/Weapons/Sniper.cpp')
  
C:\Users\Meherab\Desktop\BR MODE BY DEATH ENGINE\example_win32_directx11\EspLines\Math\Quaternion.hpp(470,68): warning C4244: '=': conversion from 'double' to 'float', possible loss of data
  (compiling source file 'EspLines/Exploits/Weapons/Sniper.cpp')
  
C:\Users\Meherab\Desktop\BR MODE BY DEATH ENGINE\example_win32_directx11\EspLines\Math\Quaternion.hpp(471,21): warning C4244: 'initializing': conversion from 'double' to 'float', possible loss of data
  (compiling source file 'EspLines/Exploits/Weapons/Sniper.cpp')
  
C:\Users\Meherab\Desktop\BR MODE BY DEATH ENGINE\example_win32_directx11\EspLines\Math\Quaternion.hpp(478,68): warning C4244: '=': conversion from 'double' to 'float', possible loss of data
  (compiling source file 'EspLines/Exploits/Weapons/Sniper.cpp')
  
C:\Users\Meherab\Desktop\BR MODE BY DEATH ENGINE\example_win32_directx11\EspLines\Math\Quaternion.hpp(479,21): warning C4244: 'initializing': conversion from 'double' to 'float', possible loss of data
  (compiling source file 'EspLines/Exploits/Weapons/Sniper.cpp')
  
C:\Users\Meherab\Desktop\BR MODE BY DEATH ENGINE\example_win32_directx11\EspLines\Math\Quaternion.hpp(486,68): warning C4244: '=': conversion from 'double' to 'float', possible loss of data
  (compiling source file 'EspLines/Exploits/Weapons/Sniper.cpp')
  
C:\Users\Meherab\Desktop\BR MODE BY DEATH ENGINE\example_win32_directx11\EspLines\Math\Quaternion.hpp(487,21): warning C4244: 'initializing': conversion from 'double' to 'float', possible loss of data
  (compiling source file 'EspLines/Exploits/Weapons/Sniper.cpp')
  
C:\Users\Meherab\Desktop\BR MODE BY DEATH ENGINE\example_win32_directx11\EspLines\Math\Quaternion.hpp(514,27): warning C4244: '=': conversion from 'double' to 'float', possible loss of data
  (compiling source file 'EspLines/Exploits/Weapons/Sniper.cpp')
  
C:\Users\Meherab\Desktop\BR MODE BY DEATH ENGINE\example_win32_directx11\EspLines\Math\Quaternion.hpp(515,13): warning C4244: 'initializing': conversion from 'double' to 'float', possible loss of data
  (compiling source file 'EspLines/Exploits/Weapons/Sniper.cpp')
  
C:\Users\Meherab\Desktop\BR MODE BY DEATH ENGINE\example_win32_directx11\EspLines\Math\Quaternion.hpp(589,15): warning C4305: '=': truncation from 'double' to 'float'
  (compiling source file 'EspLines/Exploits/Weapons/Sniper.cpp')
  
C:\Users\Meherab\Desktop\BR MODE BY DEATH ENGINE\example_win32_directx11\EspLines\Math\Quaternion.hpp(597,15): warning C4305: '=': truncation from 'double' to 'float'
  (compiling source file 'EspLines/Exploits/Weapons/Sniper.cpp')
  
C:\Users\Meherab\Desktop\BR MODE BY DEATH ENGINE\example_win32_directx11\EspLines\Math\Quaternion.hpp(705,36): warning C4244: 'argument': conversion from 'double' to 'const float', possible loss of data
  (compiling source file 'EspLines/Exploits/Weapons/Sniper.cpp')
  
C:\Users\Meherab\Desktop\BR MODE BY DEATH ENGINE\example_win32_directx11\EspLines\Exploits\Weapons\Sniper.cpp(73,33): warning C4244: 'initializing': conversion from 'double' to 'float', possible loss of data
C:\Users\Meherab\Desktop\BR MODE BY DEATH ENGINE\example_win32_directx11\EspLines\Exploits\Weapons\Sniper.cpp(35,18): warning C4505: 'SniperFunction::ReadEquippedWeaponId': unreferenced function with internal linkage has been removed
  NoReload.cpp
C:\Users\Meherab\Desktop\BR MODE BY DEATH ENGINE\example_win32_directx11\EspLines\Math\Vector\Vector3.hpp(11,9): warning C4201: nonstandard extension used: nameless struct/union
  (compiling source file 'EspLines/Exploits/Weapons/NoReload.cpp')
  
C:\Users\Meherab\Desktop\BR MODE BY DEATH ENGINE\example_win32_directx11\EspLines\Math\Vector\Vector3.hpp(339,13): warning C4244: '=': conversion from 'double' to 'float', possible loss of data
  (compiling source file 'EspLines/Exploits/Weapons/NoReload.cpp')
  
C:\Users\Meherab\Desktop\BR MODE BY DEATH ENGINE\example_win32_directx11\EspLines\Math\Vector\Vector3.hpp(340,13): warning C4244: '=': conversion from 'double' to 'float', possible loss of data
  (compiling source file 'EspLines/Exploits/Weapons/NoReload.cpp')
  
C:\Users\Meherab\Desktop\BR MODE BY DEATH ENGINE\example_win32_directx11\EspLines\Math\Vector\Vector3.hpp(492,72): warning C4305: 'argument': truncation from 'double' to 'float'
  (compiling source file 'EspLines/Exploits/Weapons/NoReload.cpp')
  
C:\Users\Meherab\Desktop\BR MODE BY DEATH ENGINE\example_win32_directx11\EspLines\Math\Vector\Vector3.hpp(492,66): warning C4305: 'argument': truncation from 'double' to 'float'
  (compiling source file 'EspLines/Exploits/Weapons/NoReload.cpp')
  
C:\Users\Meherab\Desktop\BR MODE BY DEATH ENGINE\example_win32_directx11\EspLines\Math\Vector\Vector3.hpp(492,60): warning C4305: 'argument': truncation from 'double' to 'float'
  (compiling source file 'EspLines/Exploits/Weapons/NoReload.cpp')
  
C:\Users\Meherab\Desktop\BR MODE BY DEATH ENGINE\example_win32_directx11\EspLines\Math\Vector\Vector3.hpp(520,15): warning C4244: '=': conversion from 'double' to 'float', possible loss of data
  (compiling source file 'EspLines/Exploits/Weapons/NoReload.cpp')
  
C:\Users\Meherab\Desktop\BR MODE BY DEATH ENGINE\example_win32_directx11\EspLines\Math\Vector\Vector3.hpp(521,15): warning C4244: '=': conversion from 'double' to 'float', possible loss of data
  (compiling source file 'EspLines/Exploits/Weapons/NoReload.cpp')
  
C:\Users\Meherab\Desktop\BR MODE BY DEATH ENGINE\example_win32_directx11\EspLines\Math\Vector\Vector3.hpp(538,13): warning C4244: '=': conversion from 'double' to 'float', possible loss of data
  (compiling source file 'EspLines/Exploits/Weapons/NoReload.cpp')
  
C:\Users\Meherab\Desktop\BR MODE BY DEATH ENGINE\example_win32_directx11\EspLines\Math\Vector\Vector3.hpp(539,13): warning C4244: '=': conversion from 'double' to 'float', possible loss of data
  (compiling source file 'EspLines/Exploits/Weapons/NoReload.cpp')
  
C:\Users\Meherab\Desktop\BR MODE BY DEATH ENGINE\example_win32_directx11\EspLines\Math\Vector\Vector3.hpp(594,21): warning C4312: 'type cast': conversion from 'int' to 'const char *' of greater size
  (compiling source file 'EspLines/Exploits/Weapons/NoReload.cpp')
  
C:\Users\Meherab\Desktop\BR MODE BY DEATH ENGINE\example_win32_directx11\EspLines\Math\Vector\Vector3.hpp(595,21): warning C4312: 'type cast': conversion from 'int' to 'const char *' of greater size
  (compiling source file 'EspLines/Exploits/Weapons/NoReload.cpp')
  
C:\Users\Meherab\Desktop\BR MODE BY DEATH ENGINE\example_win32_directx11\EspLines\Math\Vector\Vector3.hpp(596,21): warning C4312: 'type cast': conversion from 'int' to 'const char *' of greater size
  (compiling source file 'EspLines/Exploits/Weapons/NoReload.cpp')
  
C:\Users\Meherab\Desktop\BR MODE BY DEATH ENGINE\example_win32_directx11\EspLines\Math\Vector\Vector2.hpp(10,9): warning C4201: nonstandard extension used: nameless struct/union
  (compiling source file 'EspLines/Exploits/Weapons/NoReload.cpp')
  
C:\Users\Meherab\Desktop\BR MODE BY DEATH ENGINE\example_win32_directx11\EspLines\Math\Vector\Vector2.hpp(295,13): warning C4244: '=': conversion from 'double' to 'float', possible loss of data
  (compiling source file 'EspLines/Exploits/Weapons/NoReload.cpp')
  
C:\Users\Meherab\Desktop\BR MODE BY DEATH ENGINE\example_win32_directx11\EspLines\Math\Vector\Vector2.hpp(296,13): warning C4244: '=': conversion from 'double' to 'float', possible loss of data
  (compiling source file 'EspLines/Exploits/Weapons/NoReload.cpp')
  
C:\Users\Meherab\Desktop\BR MODE BY DEATH ENGINE\example_win32_directx11\EspLines\Math\Vector\Vector2.hpp(449,15): warning C4244: '=': conversion from 'double' to 'float', possible loss of data
  (compiling source file 'EspLines/Exploits/Weapons/NoReload.cpp')
  
C:\Users\Meherab\Desktop\BR MODE BY DEATH ENGINE\example_win32_directx11\EspLines\Math\Vector\Vector2.hpp(450,15): warning C4244: '=': conversion from 'double' to 'float', possible loss of data
  (compiling source file 'EspLines/Exploits/Weapons/NoReload.cpp')
  
  WeaponAttributes.cpp
C:\Users\Meherab\Desktop\BR MODE BY DEATH ENGINE\example_win32_directx11\EspLines\Math\Vector\Vector3.hpp(11,9): warning C4201: nonstandard extension used: nameless struct/union
  (compiling source file 'EspLines/Exploits/Weapons/WeaponAttributes.cpp')
  
C:\Users\Meherab\Desktop\BR MODE BY DEATH ENGINE\example_win32_directx11\EspLines\Math\Vector\Vector3.hpp(339,13): warning C4244: '=': conversion from 'double' to 'float', possible loss of data
  (compiling source file 'EspLines/Exploits/Weapons/WeaponAttributes.cpp')
  
C:\Users\Meherab\Desktop\BR MODE BY DEATH ENGINE\example_win32_directx11\EspLines\Math\Vector\Vector3.hpp(340,13): warning C4244: '=': conversion from 'double' to 'float', possible loss of data
  (compiling source file 'EspLines/Exploits/Weapons/WeaponAttributes.cpp')
  
C:\Users\Meherab\Desktop\BR MODE BY DEATH ENGINE\example_win32_directx11\EspLines\Math\Vector\Vector3.hpp(492,72): warning C4305: 'argument': truncation from 'double' to 'float'
  (compiling source file 'EspLines/Exploits/Weapons/WeaponAttributes.cpp')
  
C:\Users\Meherab\Desktop\BR MODE BY DEATH ENGINE\example_win32_directx11\EspLines\Math\Vector\Vector3.hpp(492,66): warning C4305: 'argument': truncation from 'double' to 'float'
  (compiling source file 'EspLines/Exploits/Weapons/WeaponAttributes.cpp')
  
C:\Users\Meherab\Desktop\BR MODE BY DEATH ENGINE\example_win32_directx11\EspLines\Math\Vector\Vector3.hpp(492,60): warning C4305: 'argument': truncation from 'double' to 'float'
  (compiling source file 'EspLines/Exploits/Weapons/WeaponAttributes.cpp')
  
C:\Users\Meherab\Desktop\BR MODE BY DEATH ENGINE\example_win32_directx11\EspLines\Math\Vector\Vector3.hpp(520,15): warning C4244: '=': conversion from 'double' to 'float', possible loss of data
  (compiling source file 'EspLines/Exploits/Weapons/WeaponAttributes.cpp')
  
C:\Users\Meherab\Desktop\BR MODE BY DEATH ENGINE\example_win32_directx11\EspLines\Math\Vector\Vector3.hpp(521,15): warning C4244: '=': conversion from 'double' to 'float', possible loss of data
  (compiling source file 'EspLines/Exploits/Weapons/WeaponAttributes.cpp')
  
C:\Users\Meherab\Desktop\BR MODE BY DEATH ENGINE\example_win32_directx11\EspLines\Math\Vector\Vector3.hpp(538,13): warning C4244: '=': conversion from 'double' to 'float', possible loss of data
  (compiling source file 'EspLines/Exploits/Weapons/WeaponAttributes.cpp')
  
C:\Users\Meherab\Desktop\BR MODE BY DEATH ENGINE\example_win32_directx11\EspLines\Math\Vector\Vector3.hpp(539,13): warning C4244: '=': conversion from 'double' to 'float', possible loss of data
  (compiling source file 'EspLines/Exploits/Weapons/WeaponAttributes.cpp')
  
C:\Users\Meherab\Desktop\BR MODE BY DEATH ENGINE\example_win32_directx11\EspLines\Math\Vector\Vector3.hpp(594,21): warning C4312: 'type cast': conversion from 'int' to 'const char *' of greater size
  (compiling source file 'EspLines/Exploits/Weapons/WeaponAttributes.cpp')
  
C:\Users\Meherab\Desktop\BR MODE BY DEATH ENGINE\example_win32_directx11\EspLines\Math\Vector\Vector3.hpp(595,21): warning C4312: 'type cast': conversion from 'int' to 'const char *' of greater size
  (compiling source file 'EspLines/Exploits/Weapons/WeaponAttributes.cpp')
  
C:\Users\Meherab\Desktop\BR MODE BY DEATH ENGINE\example_win32_directx11\EspLines\Math\Vector\Vector3.hpp(596,21): warning C4312: 'type cast': conversion from 'int' to 'const char *' of greater size
  (compiling source file 'EspLines/Exploits/Weapons/WeaponAttributes.cpp')
  
  SpinBot.cpp
C:\Users\Meherab\Desktop\BR MODE BY DEATH ENGINE\example_win32_directx11\EspLines\Math\Vector\Vector3.hpp(11,9): warning C4201: nonstandard extension used: nameless struct/union
  (compiling source file 'EspLines/Exploits/SpinBot.cpp')
  
C:\Users\Meherab\Desktop\BR MODE BY DEATH ENGINE\example_win32_directx11\EspLines\Math\Vector\Vector3.hpp(339,13): warning C4244: '=': conversion from 'double' to 'float', possible loss of data
  (compiling source file 'EspLines/Exploits/SpinBot.cpp')
  
C:\Users\Meherab\Desktop\BR MODE BY DEATH ENGINE\example_win32_directx11\EspLines\Math\Vector\Vector3.hpp(340,13): warning C4244: '=': conversion from 'double' to 'float', possible loss of data
  (compiling source file 'EspLines/Exploits/SpinBot.cpp')
  
C:\Users\Meherab\Desktop\BR MODE BY DEATH ENGINE\example_win32_directx11\EspLines\Math\Vector\Vector3.hpp(492,72): warning C4305: 'argument': truncation from 'double' to 'float'
  (compiling source file 'EspLines/Exploits/SpinBot.cpp')
  
C:\Users\Meherab\Desktop\BR MODE BY DEATH ENGINE\example_win32_directx11\EspLines\Math\Vector\Vector3.hpp(492,66): warning C4305: 'argument': truncation from 'double' to 'float'
  (compiling source file 'EspLines/Exploits/SpinBot.cpp')
  
C:\Users\Meherab\Desktop\BR MODE BY DEATH ENGINE\example_win32_directx11\EspLines\Math\Vector\Vector3.hpp(492,60): warning C4305: 'argument': truncation from 'double' to 'float'
  (compiling source file 'EspLines/Exploits/SpinBot.cpp')
  
C:\Users\Meherab\Desktop\BR MODE BY DEATH ENGINE\example_win32_directx11\EspLines\Math\Vector\Vector3.hpp(520,15): warning C4244: '=': conversion from 'double' to 'float', possible loss of data
  (compiling source file 'EspLines/Exploits/SpinBot.cpp')
  
C:\Users\Meherab\Desktop\BR MODE BY DEATH ENGINE\example_win32_directx11\EspLines\Math\Vector\Vector3.hpp(521,15): warning C4244: '=': conversion from 'double' to 'float', possible loss of data
  (compiling source file 'EspLines/Exploits/SpinBot.cpp')
  
C:\Users\Meherab\Desktop\BR MODE BY DEATH ENGINE\example_win32_directx11\EspLines\Math\Vector\Vector3.hpp(538,13): warning C4244: '=': conversion from 'double' to 'float', possible loss of data
  (compiling source file 'EspLines/Exploits/SpinBot.cpp')
  
C:\Users\Meherab\Desktop\BR MODE BY DEATH ENGINE\example_win32_directx11\EspLines\Math\Vector\Vector3.hpp(539,13): warning C4244: '=': conversion from 'double' to 'float', possible loss of data
  (compiling source file 'EspLines/Exploits/SpinBot.cpp')
  
C:\Users\Meherab\Desktop\BR MODE BY DEATH ENGINE\example_win32_directx11\EspLines\Math\Vector\Vector3.hpp(594,21): warning C4312: 'type cast': conversion from 'int' to 'const char *' of greater size
  (compiling source file 'EspLines/Exploits/SpinBot.cpp')
  
C:\Users\Meherab\Desktop\BR MODE BY DEATH ENGINE\example_win32_directx11\EspLines\Math\Vector\Vector3.hpp(595,21): warning C4312: 'type cast': conversion from 'int' to 'const char *' of greater size
  (compiling source file 'EspLines/Exploits/SpinBot.cpp')
  
C:\Users\Meherab\Desktop\BR MODE BY DEATH ENGINE\example_win32_directx11\EspLines\Math\Vector\Vector3.hpp(596,21): warning C4312: 'type cast': conversion from 'int' to 'const char *' of greater size
  (compiling source file 'EspLines/Exploits/SpinBot.cpp')
  
C:\Users\Meherab\Desktop\BR MODE BY DEATH ENGINE\example_win32_directx11\EspLines\Math\Quaternion.hpp(94,9): warning C4201: nonstandard extension used: nameless struct/union
  (compiling source file 'EspLines/Exploits/SpinBot.cpp')
  
C:\Users\Meherab\Desktop\BR MODE BY DEATH ENGINE\example_win32_directx11\EspLines\Math\Quaternion.hpp(355,37): warning C4244: 'return': conversion from 'double' to 'float', possible loss of data
  (compiling source file 'EspLines/Exploits/SpinBot.cpp')
  
C:\Users\Meherab\Desktop\BR MODE BY DEATH ENGINE\example_win32_directx11\EspLines\Math\Quaternion.hpp(387,14): warning C4244: 'initializing': conversion from 'double' to 'float', possible loss of data
  (compiling source file 'EspLines/Exploits/SpinBot.cpp')
  
C:\Users\Meherab\Desktop\BR MODE BY DEATH ENGINE\example_win32_directx11\EspLines\Math\Quaternion.hpp(388,14): warning C4244: 'initializing': conversion from 'double' to 'float', possible loss of data
  (compiling source file 'EspLines/Exploits/SpinBot.cpp')
  
C:\Users\Meherab\Desktop\BR MODE BY DEATH ENGINE\example_win32_directx11\EspLines\Math\Quaternion.hpp(389,14): warning C4244: 'initializing': conversion from 'double' to 'float', possible loss of data
  (compiling source file 'EspLines/Exploits/SpinBot.cpp')
  
C:\Users\Meherab\Desktop\BR MODE BY DEATH ENGINE\example_win32_directx11\EspLines\Math\Quaternion.hpp(390,14): warning C4244: 'initializing': conversion from 'double' to 'float', possible loss of data
  (compiling source file 'EspLines/Exploits/SpinBot.cpp')
  
C:\Users\Meherab\Desktop\BR MODE BY DEATH ENGINE\example_win32_directx11\EspLines\Math\Quaternion.hpp(391,14): warning C4244: 'initializing': conversion from 'double' to 'float', possible loss of data
  (compiling source file 'EspLines/Exploits/SpinBot.cpp')
  
C:\Users\Meherab\Desktop\BR MODE BY DEATH ENGINE\example_win32_directx11\EspLines\Math\Quaternion.hpp(392,14): warning C4244: 'initializing': conversion from 'double' to 'float', possible loss of data
  (compiling source file 'EspLines/Exploits/SpinBot.cpp')
  
C:\Users\Meherab\Desktop\BR MODE BY DEATH ENGINE\example_win32_directx11\EspLines\Math\Quaternion.hpp(462,45): warning C4244: '=': conversion from 'double' to 'float', possible loss of data
  (compiling source file 'EspLines/Exploits/SpinBot.cpp')
  
C:\Users\Meherab\Desktop\BR MODE BY DEATH ENGINE\example_win32_directx11\EspLines\Math\Quaternion.hpp(463,21): warning C4244: 'initializing': conversion from 'double' to 'float', possible loss of data
  (compiling source file 'EspLines/Exploits/SpinBot.cpp')
  
C:\Users\Meherab\Desktop\BR MODE BY DEATH ENGINE\example_win32_directx11\EspLines\Math\Quaternion.hpp(470,68): warning C4244: '=': conversion from 'double' to 'float', possible loss of data
  (compiling source file 'EspLines/Exploits/SpinBot.cpp')
  
C:\Users\Meherab\Desktop\BR MODE BY DEATH ENGINE\example_win32_directx11\EspLines\Math\Quaternion.hpp(471,21): warning C4244: 'initializing': conversion from 'double' to 'float', possible loss of data
  (compiling source file 'EspLines/Exploits/SpinBot.cpp')
  
C:\Users\Meherab\Desktop\BR MODE BY DEATH ENGINE\example_win32_directx11\EspLines\Math\Quaternion.hpp(478,68): warning C4244: '=': conversion from 'double' to 'float', possible loss of data
  (compiling source file 'EspLines/Exploits/SpinBot.cpp')
  
C:\Users\Meherab\Desktop\BR MODE BY DEATH ENGINE\example_win32_directx11\EspLines\Math\Quaternion.hpp(479,21): warning C4244: 'initializing': conversion from 'double' to 'float', possible loss of data
  (compiling source file 'EspLines/Exploits/SpinBot.cpp')
  
C:\Users\Meherab\Desktop\BR MODE BY DEATH ENGINE\example_win32_directx11\EspLines\Math\Quaternion.hpp(486,68): warning C4244: '=': conversion from 'double' to 'float', possible loss of data
  (compiling source file 'EspLines/Exploits/SpinBot.cpp')
  
C:\Users\Meherab\Desktop\BR MODE BY DEATH ENGINE\example_win32_directx11\EspLines\Math\Quaternion.hpp(487,21): warning C4244: 'initializing': conversion from 'double' to 'float', possible loss of data
  (compiling source file 'EspLines/Exploits/SpinBot.cpp')
  
C:\Users\Meherab\Desktop\BR MODE BY DEATH ENGINE\example_win32_directx11\EspLines\Math\Quaternion.hpp(514,27): warning C4244: '=': conversion from 'double' to 'float', possible loss of data
  (compiling source file 'EspLines/Exploits/SpinBot.cpp')
  
C:\Users\Meherab\Desktop\BR MODE BY DEATH ENGINE\example_win32_directx11\EspLines\Math\Quaternion.hpp(515,13): warning C4244: 'initializing': conversion from 'double' to 'float', possible loss of data
  (compiling source file 'EspLines/Exploits/SpinBot.cpp')
  
C:\Users\Meherab\Desktop\BR MODE BY DEATH ENGINE\example_win32_directx11\EspLines\Math\Quaternion.hpp(589,15): warning C4305: '=': truncation from 'double' to 'float'
  (compiling source file 'EspLines/Exploits/SpinBot.cpp')
  
C:\Users\Meherab\Desktop\BR MODE BY DEATH ENGINE\example_win32_directx11\EspLines\Math\Quaternion.hpp(597,15): warning C4305: '=': truncation from 'double' to 'float'
  (compiling source file 'EspLines/Exploits/SpinBot.cpp')
  
C:\Users\Meherab\Desktop\BR MODE BY DEATH ENGINE\example_win32_directx11\EspLines\Math\Quaternion.hpp(705,36): warning C4244: 'argument': conversion from 'double' to 'const float', possible loss of data
  (compiling source file 'EspLines/Exploits/SpinBot.cpp')
  
  TeleportMark.cpp
C:\Users\Meherab\Desktop\BR MODE BY DEATH ENGINE\example_win32_directx11\EspLines\Math\Vector\Vector3.hpp(11,9): warning C4201: nonstandard extension used: nameless struct/union
  (compiling source file 'EspLines/Exploits/TeleportMark.cpp')
  
C:\Users\Meherab\Desktop\BR MODE BY DEATH ENGINE\example_win32_directx11\EspLines\Math\Vector\Vector3.hpp(339,13): warning C4244: '=': conversion from 'double' to 'float', possible loss of data
  (compiling source file 'EspLines/Exploits/TeleportMark.cpp')
  
C:\Users\Meherab\Desktop\BR MODE BY DEATH ENGINE\example_win32_directx11\EspLines\Math\Vector\Vector3.hpp(340,13): warning C4244: '=': conversion from 'double' to 'float', possible loss of data
  (compiling source file 'EspLines/Exploits/TeleportMark.cpp')
  
C:\Users\Meherab\Desktop\BR MODE BY DEATH ENGINE\example_win32_directx11\EspLines\Math\Vector\Vector3.hpp(492,72): warning C4305: 'argument': truncation from 'double' to 'float'
  (compiling source file 'EspLines/Exploits/TeleportMark.cpp')
  
C:\Users\Meherab\Desktop\BR MODE BY DEATH ENGINE\example_win32_directx11\EspLines\Math\Vector\Vector3.hpp(492,66): warning C4305: 'argument': truncation from 'double' to 'float'
  (compiling source file 'EspLines/Exploits/TeleportMark.cpp')
  
C:\Users\Meherab\Desktop\BR MODE BY DEATH ENGINE\example_win32_directx11\EspLines\Math\Vector\Vector3.hpp(492,60): warning C4305: 'argument': truncation from 'double' to 'float'
  (compiling source file 'EspLines/Exploits/TeleportMark.cpp')
  
C:\Users\Meherab\Desktop\BR MODE BY DEATH ENGINE\example_win32_directx11\EspLines\Math\Vector\Vector3.hpp(520,15): warning C4244: '=': conversion from 'double' to 'float', possible loss of data
  (compiling source file 'EspLines/Exploits/TeleportMark.cpp')
  
C:\Users\Meherab\Desktop\BR MODE BY DEATH ENGINE\example_win32_directx11\EspLines\Math\Vector\Vector3.hpp(521,15): warning C4244: '=': conversion from 'double' to 'float', possible loss of data
  (compiling source file 'EspLines/Exploits/TeleportMark.cpp')
  
C:\Users\Meherab\Desktop\BR MODE BY DEATH ENGINE\example_win32_directx11\EspLines\Math\Vector\Vector3.hpp(538,13): warning C4244: '=': conversion from 'double' to 'float', possible loss of data
  (compiling source file 'EspLines/Exploits/TeleportMark.cpp')
  
C:\Users\Meherab\Desktop\BR MODE BY DEATH ENGINE\example_win32_directx11\EspLines\Math\Vector\Vector3.hpp(539,13): warning C4244: '=': conversion from 'double' to 'float', possible loss of data
  (compiling source file 'EspLines/Exploits/TeleportMark.cpp')
  
C:\Users\Meherab\Desktop\BR MODE BY DEATH ENGINE\example_win32_directx11\EspLines\Math\Vector\Vector3.hpp(594,21): warning C4312: 'type cast': conversion from 'int' to 'const char *' of greater size
  (compiling source file 'EspLines/Exploits/TeleportMark.cpp')
  
C:\Users\Meherab\Desktop\BR MODE BY DEATH ENGINE\example_win32_directx11\EspLines\Math\Vector\Vector3.hpp(595,21): warning C4312: 'type cast': conversion from 'int' to 'const char *' of greater size
  (compiling source file 'EspLines/Exploits/TeleportMark.cpp')
  
C:\Users\Meherab\Desktop\BR MODE BY DEATH ENGINE\example_win32_directx11\EspLines\Math\Vector\Vector3.hpp(596,21): warning C4312: 'type cast': conversion from 'int' to 'const char *' of greater size
  (compiling source file 'EspLines/Exploits/TeleportMark.cpp')
  
  Data.cpp
C:\Users\Meherab\Desktop\BR MODE BY DEATH ENGINE\example_win32_directx11\EspLines\Math\Vector\Vector3.hpp(11,9): warning C4201: nonstandard extension used: nameless struct/union
  (compiling source file 'EspLines/Data/Data.cpp')
  
C:\Users\Meherab\Desktop\BR MODE BY DEATH ENGINE\example_win32_directx11\EspLines\Math\Vector\Vector3.hpp(339,13): warning C4244: '=': conversion from 'double' to 'float', possible loss of data
  (compiling source file 'EspLines/Data/Data.cpp')
  
C:\Users\Meherab\Desktop\BR MODE BY DEATH ENGINE\example_win32_directx11\EspLines\Math\Vector\Vector3.hpp(340,13): warning C4244: '=': conversion from 'double' to 'float', possible loss of data
  (compiling source file 'EspLines/Data/Data.cpp')
  
C:\Users\Meherab\Desktop\BR MODE BY DEATH ENGINE\example_win32_directx11\EspLines\Math\Vector\Vector3.hpp(341,16): warning C4244: 'return': conversion from 'double' to 'float', possible loss of data
  (compiling source file 'EspLines/Data/Data.cpp')
  
C:\Users\Meherab\Desktop\BR MODE BY DEATH ENGINE\example_win32_directx11\EspLines\Math\Vector\Vector3.hpp(378,28): warning C4244: '=': conversion from 'double' to 'float', possible loss of data
  (compiling source file 'EspLines/Data/Data.cpp')
  
C:\Users\Meherab\Desktop\BR MODE BY DEATH ENGINE\example_win32_directx11\EspLines\Math\Vector\Vector3.hpp(379,28): warning C4244: '=': conversion from 'double' to 'float', possible loss of data
  (compiling source file 'EspLines/Data/Data.cpp')
  
C:\Users\Meherab\Desktop\BR MODE BY DEATH ENGINE\example_win32_directx11\EspLines\Math\Vector\Vector3.hpp(380,15): warning C4244: '=': conversion from 'double' to 'float', possible loss of data
  (compiling source file 'EspLines/Data/Data.cpp')
  
C:\Users\Meherab\Desktop\BR MODE BY DEATH ENGINE\example_win32_directx11\EspLines\Math\Vector\Vector3.hpp(398,16): warning C4244: 'return': conversion from 'double' to 'float', possible loss of data
  (compiling source file 'EspLines/Data/Data.cpp')
  
C:\Users\Meherab\Desktop\BR MODE BY DEATH ENGINE\example_win32_directx11\EspLines\Math\Vector\Vector3.hpp(480,18): warning C4244: '=': conversion from 'double' to 'float', possible loss of data
  (compiling source file 'EspLines/Data/Data.cpp')
  
C:\Users\Meherab\Desktop\BR MODE BY DEATH ENGINE\example_win32_directx11\EspLines\Math\Vector\Vector3.hpp(481,18): warning C4244: '=': conversion from 'double' to 'float', possible loss of data
  (compiling source file 'EspLines/Data/Data.cpp')
  
C:\Users\Meherab\Desktop\BR MODE BY DEATH ENGINE\example_win32_directx11\EspLines\Math\Vector\Vector3.hpp(492,72): warning C4305: 'argument': truncation from 'double' to 'float'
  (compiling source file 'EspLines/Data/Data.cpp')
  
C:\Users\Meherab\Desktop\BR MODE BY DEATH ENGINE\example_win32_directx11\EspLines\Math\Vector\Vector3.hpp(492,66): warning C4305: 'argument': truncation from 'double' to 'float'
  (compiling source file 'EspLines/Data/Data.cpp')
  
C:\Users\Meherab\Desktop\BR MODE BY DEATH ENGINE\example_win32_directx11\EspLines\Math\Vector\Vector3.hpp(492,60): warning C4305: 'argument': truncation from 'double' to 'float'
  (compiling source file 'EspLines/Data/Data.cpp')
  
C:\Users\Meherab\Desktop\BR MODE BY DEATH ENGINE\example_win32_directx11\EspLines\Math\Vector\Vector3.hpp(496,38): warning C4244: 'argument': conversion from 'double' to 'const float', possible loss of data
  (compiling source file 'EspLines/Data/Data.cpp')
  
C:\Users\Meherab\Desktop\BR MODE BY DEATH ENGINE\example_win32_directx11\EspLines\Math\Vector\Vector3.hpp(497,35): warning C4244: 'argument': conversion from 'double' to 'const float', possible loss of data
  (compiling source file 'EspLines/Data/Data.cpp')
  
C:\Users\Meherab\Desktop\BR MODE BY DEATH ENGINE\example_win32_directx11\EspLines\Math\Vector\Vector3.hpp(520,15): warning C4244: '=': conversion from 'double' to 'float', possible loss of data
  (compiling source file 'EspLines/Data/Data.cpp')
  
C:\Users\Meherab\Desktop\BR MODE BY DEATH ENGINE\example_win32_directx11\EspLines\Math\Vector\Vector3.hpp(521,15): warning C4244: '=': conversion from 'double' to 'float', possible loss of data
  (compiling source file 'EspLines/Data/Data.cpp')
  
C:\Users\Meherab\Desktop\BR MODE BY DEATH ENGINE\example_win32_directx11\EspLines\Math\Vector\Vector3.hpp(522,17): warning C4244: 'initializing': conversion from 'double' to 'float', possible loss of data
  (compiling source file 'EspLines/Data/Data.cpp')
  
C:\Users\Meherab\Desktop\BR MODE BY DEATH ENGINE\example_win32_directx11\EspLines\Math\Vector\Vector3.hpp(524,29): warning C4244: 'argument': conversion from 'double' to 'const float', possible loss of data
  (compiling source file 'EspLines/Data/Data.cpp')
  
C:\Users\Meherab\Desktop\BR MODE BY DEATH ENGINE\example_win32_directx11\EspLines\Math\Vector\Vector3.hpp(524,56): warning C4244: 'argument': conversion from 'double' to 'const float', possible loss of data
  (compiling source file 'EspLines/Data/Data.cpp')
  
C:\Users\Meherab\Desktop\BR MODE BY DEATH ENGINE\example_win32_directx11\EspLines\Math\Vector\Vector3.hpp(538,13): warning C4244: '=': conversion from 'double' to 'float', possible loss of data
  (compiling source file 'EspLines/Data/Data.cpp')
  
C:\Users\Meherab\Desktop\BR MODE BY DEATH ENGINE\example_win32_directx11\EspLines\Math\Vector\Vector3.hpp(539,13): warning C4244: '=': conversion from 'double' to 'float', possible loss of data
  (compiling source file 'EspLines/Data/Data.cpp')
  
C:\Users\Meherab\Desktop\BR MODE BY DEATH ENGINE\example_win32_directx11\EspLines\Math\Vector\Vector3.hpp(540,17): warning C4244: '=': conversion from 'double' to 'float', possible loss of data
  (compiling source file 'EspLines/Data/Data.cpp')
  
C:\Users\Meherab\Desktop\BR MODE BY DEATH ENGINE\example_win32_directx11\EspLines\Math\Vector\Vector3.hpp(541,16): warning C4244: '=': conversion from 'double' to 'float', possible loss of data
  (compiling source file 'EspLines/Data/Data.cpp')
  
C:\Users\Meherab\Desktop\BR MODE BY DEATH ENGINE\example_win32_directx11\EspLines\Math\Vector\Vector3.hpp(594,21): warning C4312: 'type cast': conversion from 'int' to 'const char *' of greater size
  (compiling source file 'EspLines/Data/Data.cpp')
  
C:\Users\Meherab\Desktop\BR MODE BY DEATH ENGINE\example_win32_directx11\EspLines\Math\Vector\Vector3.hpp(595,21): warning C4312: 'type cast': conversion from 'int' to 'const char *' of greater size
  (compiling source file 'EspLines/Data/Data.cpp')
  
C:\Users\Meherab\Desktop\BR MODE BY DEATH ENGINE\example_win32_directx11\EspLines\Math\Vector\Vector3.hpp(596,21): warning C4312: 'type cast': conversion from 'int' to 'const char *' of greater size
  (compiling source file 'EspLines/Data/Data.cpp')
  
C:\Users\Meherab\Desktop\BR MODE BY DEATH ENGINE\example_win32_directx11\EspLines\Math\Quaternion.hpp(94,9): warning C4201: nonstandard extension used: nameless struct/union
  (compiling source file 'EspLines/Data/Data.cpp')
  
C:\Users\Meherab\Desktop\BR MODE BY DEATH ENGINE\example_win32_directx11\EspLines\Math\Quaternion.hpp(355,37): warning C4244: 'return': conversion from 'double' to 'float', possible loss of data
  (compiling source file 'EspLines/Data/Data.cpp')
  
C:\Users\Meherab\Desktop\BR MODE BY DEATH ENGINE\example_win32_directx11\EspLines\Math\Quaternion.hpp(387,14): warning C4244: 'initializing': conversion from 'double' to 'float', possible loss of data
  (compiling source file 'EspLines/Data/Data.cpp')
  
C:\Users\Meherab\Desktop\BR MODE BY DEATH ENGINE\example_win32_directx11\EspLines\Math\Quaternion.hpp(388,14): warning C4244: 'initializing': conversion from 'double' to 'float', possible loss of data
  (compiling source file 'EspLines/Data/Data.cpp')
  
C:\Users\Meherab\Desktop\BR MODE BY DEATH ENGINE\example_win32_directx11\EspLines\Math\Quaternion.hpp(389,14): warning C4244: 'initializing': conversion from 'double' to 'float', possible loss of data
  (compiling source file 'EspLines/Data/Data.cpp')
  
C:\Users\Meherab\Desktop\BR MODE BY DEATH ENGINE\example_win32_directx11\EspLines\Math\Quaternion.hpp(390,14): warning C4244: 'initializing': conversion from 'double' to 'float', possible loss of data
  (compiling source file 'EspLines/Data/Data.cpp')
  
C:\Users\Meherab\Desktop\BR MODE BY DEATH ENGINE\example_win32_directx11\EspLines\Math\Quaternion.hpp(391,14): warning C4244: 'initializing': conversion from 'double' to 'float', possible loss of data
  (compiling source file 'EspLines/Data/Data.cpp')
  
C:\Users\Meherab\Desktop\BR MODE BY DEATH ENGINE\example_win32_directx11\EspLines\Math\Quaternion.hpp(392,14): warning C4244: 'initializing': conversion from 'double' to 'float', possible loss of data
  (compiling source file 'EspLines/Data/Data.cpp')
  
C:\Users\Meherab\Desktop\BR MODE BY DEATH ENGINE\example_win32_directx11\EspLines\Math\Quaternion.hpp(462,45): warning C4244: '=': conversion from 'double' to 'float', possible loss of data
  (compiling source file 'EspLines/Data/Data.cpp')
  
C:\Users\Meherab\Desktop\BR MODE BY DEATH ENGINE\example_win32_directx11\EspLines\Math\Quaternion.hpp(463,21): warning C4244: 'initializing': conversion from 'double' to 'float', possible loss of data
  (compiling source file 'EspLines/Data/Data.cpp')
  
C:\Users\Meherab\Desktop\BR MODE BY DEATH ENGINE\example_win32_directx11\EspLines\Math\Quaternion.hpp(470,68): warning C4244: '=': conversion from 'double' to 'float', possible loss of data
  (compiling source file 'EspLines/Data/Data.cpp')
  
C:\Users\Meherab\Desktop\BR MODE BY DEATH ENGINE\example_win32_directx11\EspLines\Math\Quaternion.hpp(471,21): warning C4244: 'initializing': conversion from 'double' to 'float', possible loss of data
  (compiling source file 'EspLines/Data/Data.cpp')
  
C:\Users\Meherab\Desktop\BR MODE BY DEATH ENGINE\example_win32_directx11\EspLines\Math\Quaternion.hpp(478,68): warning C4244: '=': conversion from 'double' to 'float', possible loss of data
  (compiling source file 'EspLines/Data/Data.cpp')
  
C:\Users\Meherab\Desktop\BR MODE BY DEATH ENGINE\example_win32_directx11\EspLines\Math\Quaternion.hpp(479,21): warning C4244: 'initializing': conversion from 'double' to 'float', possible loss of data
  (compiling source file 'EspLines/Data/Data.cpp')
  
C:\Users\Meherab\Desktop\BR MODE BY DEATH ENGINE\example_win32_directx11\EspLines\Math\Quaternion.hpp(486,68): warning C4244: '=': conversion from 'double' to 'float', possible loss of data
  (compiling source file 'EspLines/Data/Data.cpp')
  
C:\Users\Meherab\Desktop\BR MODE BY DEATH ENGINE\example_win32_directx11\EspLines\Math\Quaternion.hpp(487,21): warning C4244: 'initializing': conversion from 'double' to 'float', possible loss of data
  (compiling source file 'EspLines/Data/Data.cpp')
  
C:\Users\Meherab\Desktop\BR MODE BY DEATH ENGINE\example_win32_directx11\EspLines\Math\Quaternion.hpp(514,27): warning C4244: '=': conversion from 'double' to 'float', possible loss of data
  (compiling source file 'EspLines/Data/Data.cpp')
  
C:\Users\Meherab\Desktop\BR MODE BY DEATH ENGINE\example_win32_directx11\EspLines\Math\Quaternion.hpp(515,13): warning C4244: 'initializing': conversion from 'double' to 'float', possible loss of data
  (compiling source file 'EspLines/Data/Data.cpp')
  
C:\Users\Meherab\Desktop\BR MODE BY DEATH ENGINE\example_win32_directx11\EspLines\Math\Quaternion.hpp(589,15): warning C4305: '=': truncation from 'double' to 'float'
  (compiling source file 'EspLines/Data/Data.cpp')
  
C:\Users\Meherab\Desktop\BR MODE BY DEATH ENGINE\example_win32_directx11\EspLines\Math\Quaternion.hpp(597,15): warning C4305: '=': truncation from 'double' to 'float'
  (compiling source file 'EspLines/Data/Data.cpp')
  
C:\Users\Meherab\Desktop\BR MODE BY DEATH ENGINE\example_win32_directx11\EspLines\Math\Quaternion.hpp(705,36): warning C4244: 'argument': conversion from 'double' to 'const float', possible loss of data
  (compiling source file 'EspLines/Data/Data.cpp')
  
C:\Users\Meherab\Desktop\BR MODE BY DEATH ENGINE\example_win32_directx11\EspLines\Math\Vector\Vector2.hpp(10,9): warning C4201: nonstandard extension used: nameless struct/union
  (compiling source file 'EspLines/Data/Data.cpp')
  
C:\Users\Meherab\Desktop\BR MODE BY DEATH ENGINE\example_win32_directx11\EspLines\Math\Vector\Vector2.hpp(295,13): warning C4244: '=': conversion from 'double' to 'float', possible loss of data
  (compiling source file 'EspLines/Data/Data.cpp')
  
C:\Users\Meherab\Desktop\BR MODE BY DEATH ENGINE\example_win32_directx11\EspLines\Math\Vector\Vector2.hpp(296,13): warning C4244: '=': conversion from 'double' to 'float', possible loss of data
  (compiling source file 'EspLines/Data/Data.cpp')
  
C:\Users\Meherab\Desktop\BR MODE BY DEATH ENGINE\example_win32_directx11\EspLines\Math\Vector\Vector2.hpp(449,15): warning C4244: '=': conversion from 'double' to 'float', possible loss of data
  (compiling source file 'EspLines/Data/Data.cpp')
  
C:\Users\Meherab\Desktop\BR MODE BY DEATH ENGINE\example_win32_directx11\EspLines\Math\Vector\Vector2.hpp(450,15): warning C4244: '=': conversion from 'double' to 'float', possible loss of data
  (compiling source file 'EspLines/Data/Data.cpp')
  
C:\Users\Meherab\Desktop\BR MODE BY DEATH ENGINE\example_win32_directx11\EspLines\AimLock\AimLock.hpp(1,1): warning C4828: The file contains a character starting at offset 0xc7 that is not valid in the current source character set (codepage 65001).
  (compiling source file 'EspLines/Data/Data.cpp')
  
C:\Users\Meherab\Desktop\BR MODE BY DEATH ENGINE\example_win32_directx11\EspLines\AimLock\AimLock.hpp(1,1): warning C4828: The file contains a character starting at offset 0xd0 that is not valid in the current source character set (codepage 65001).
  (compiling source file 'EspLines/Data/Data.cpp')
  
C:\Users\Meherab\Desktop\BR MODE BY DEATH ENGINE\example_win32_directx11\EspLines\AimLock\AimLock.hpp(1,1): warning C4828: The file contains a character starting at offset 0x11d that is not valid in the current source character set (codepage 65001).
  (compiling source file 'EspLines/Data/Data.cpp')
  
C:\Users\Meherab\Desktop\BR MODE BY DEATH ENGINE\example_win32_directx11\EspLines\Data\Data.cpp(83,20): warning C4244: 'initializing': conversion from 'float' to 'int', possible loss of data
  TeleKill.cpp
C:\Users\Meherab\Desktop\BR MODE BY DEATH ENGINE\example_win32_directx11\EspLines\Math\Vector\Vector3.hpp(11,9): warning C4201: nonstandard extension used: nameless struct/union
  (compiling source file 'EspLines/Exploits/Others/TeleKill.cpp')
  
C:\Users\Meherab\Desktop\BR MODE BY DEATH ENGINE\example_win32_directx11\EspLines\Math\Vector\Vector3.hpp(339,13): warning C4244: '=': conversion from 'double' to 'float', possible loss of data
  (compiling source file 'EspLines/Exploits/Others/TeleKill.cpp')
  
C:\Users\Meherab\Desktop\BR MODE BY DEATH ENGINE\example_win32_directx11\EspLines\Math\Vector\Vector3.hpp(340,13): warning C4244: '=': conversion from 'double' to 'float', possible loss of data
  (compiling source file 'EspLines/Exploits/Others/TeleKill.cpp')
  
C:\Users\Meherab\Desktop\BR MODE BY DEATH ENGINE\example_win32_directx11\EspLines\Math\Vector\Vector3.hpp(492,72): warning C4305: 'argument': truncation from 'double' to 'float'
  (compiling source file 'EspLines/Exploits/Others/TeleKill.cpp')
  
C:\Users\Meherab\Desktop\BR MODE BY DEATH ENGINE\example_win32_directx11\EspLines\Math\Vector\Vector3.hpp(492,66): warning C4305: 'argument': truncation from 'double' to 'float'
  (compiling source file 'EspLines/Exploits/Others/TeleKill.cpp')
  
C:\Users\Meherab\Desktop\BR MODE BY DEATH ENGINE\example_win32_directx11\EspLines\Math\Vector\Vector3.hpp(492,60): warning C4305: 'argument': truncation from 'double' to 'float'
  (compiling source file 'EspLines/Exploits/Others/TeleKill.cpp')
  
C:\Users\Meherab\Desktop\BR MODE BY DEATH ENGINE\example_win32_directx11\EspLines\Math\Vector\Vector3.hpp(520,15): warning C4244: '=': conversion from 'double' to 'float', possible loss of data
  (compiling source file 'EspLines/Exploits/Others/TeleKill.cpp')
  
C:\Users\Meherab\Desktop\BR MODE BY DEATH ENGINE\example_win32_directx11\EspLines\Math\Vector\Vector3.hpp(521,15): warning C4244: '=': conversion from 'double' to 'float', possible loss of data
  (compiling source file 'EspLines/Exploits/Others/TeleKill.cpp')
  
C:\Users\Meherab\Desktop\BR MODE BY DEATH ENGINE\example_win32_directx11\EspLines\Math\Vector\Vector3.hpp(538,13): warning C4244: '=': conversion from 'double' to 'float', possible loss of data
  (compiling source file 'EspLines/Exploits/Others/TeleKill.cpp')
  
C:\Users\Meherab\Desktop\BR MODE BY DEATH ENGINE\example_win32_directx11\EspLines\Math\Vector\Vector3.hpp(539,13): warning C4244: '=': conversion from 'double' to 'float', possible loss of data
  (compiling source file 'EspLines/Exploits/Others/TeleKill.cpp')
  
C:\Users\Meherab\Desktop\BR MODE BY DEATH ENGINE\example_win32_directx11\EspLines\Math\Vector\Vector3.hpp(594,21): warning C4312: 'type cast': conversion from 'int' to 'const char *' of greater size
  (compiling source file 'EspLines/Exploits/Others/TeleKill.cpp')
  
C:\Users\Meherab\Desktop\BR MODE BY DEATH ENGINE\example_win32_directx11\EspLines\Math\Vector\Vector3.hpp(595,21): warning C4312: 'type cast': conversion from 'int' to 'const char *' of greater size
  (compiling source file 'EspLines/Exploits/Others/TeleKill.cpp')
  
C:\Users\Meherab\Desktop\BR MODE BY DEATH ENGINE\example_win32_directx11\EspLines\Math\Vector\Vector3.hpp(596,21): warning C4312: 'type cast': conversion from 'int' to 'const char *' of greater size
  (compiling source file 'EspLines/Exploits/Others/TeleKill.cpp')
  
C:\Users\Meherab\Desktop\BR MODE BY DEATH ENGINE\example_win32_directx11\EspLines\Math\Quaternion.hpp(94,9): warning C4201: nonstandard extension used: nameless struct/union
  (compiling source file 'EspLines/Exploits/Others/TeleKill.cpp')
  
C:\Users\Meherab\Desktop\BR MODE BY DEATH ENGINE\example_win32_directx11\EspLines\Math\Quaternion.hpp(355,37): warning C4244: 'return': conversion from 'double' to 'float', possible loss of data
  (compiling source file 'EspLines/Exploits/Others/TeleKill.cpp')
  
C:\Users\Meherab\Desktop\BR MODE BY DEATH ENGINE\example_win32_directx11\EspLines\Math\Quaternion.hpp(387,14): warning C4244: 'initializing': conversion from 'double' to 'float', possible loss of data
  (compiling source file 'EspLines/Exploits/Others/TeleKill.cpp')
  
C:\Users\Meherab\Desktop\BR MODE BY DEATH ENGINE\example_win32_directx11\EspLines\Math\Quaternion.hpp(388,14): warning C4244: 'initializing': conversion from 'double' to 'float', possible loss of data
  (compiling source file 'EspLines/Exploits/Others/TeleKill.cpp')
  
C:\Users\Meherab\Desktop\BR MODE BY DEATH ENGINE\example_win32_directx11\EspLines\Math\Quaternion.hpp(389,14): warning C4244: 'initializing': conversion from 'double' to 'float', possible loss of data
  (compiling source file 'EspLines/Exploits/Others/TeleKill.cpp')
  
C:\Users\Meherab\Desktop\BR MODE BY DEATH ENGINE\example_win32_directx11\EspLines\Math\Quaternion.hpp(390,14): warning C4244: 'initializing': conversion from 'double' to 'float', possible loss of data
  (compiling source file 'EspLines/Exploits/Others/TeleKill.cpp')
  
C:\Users\Meherab\Desktop\BR MODE BY DEATH ENGINE\example_win32_directx11\EspLines\Math\Quaternion.hpp(391,14): warning C4244: 'initializing': conversion from 'double' to 'float', possible loss of data
  (compiling source file 'EspLines/Exploits/Others/TeleKill.cpp')
  
C:\Users\Meherab\Desktop\BR MODE BY DEATH ENGINE\example_win32_directx11\EspLines\Math\Quaternion.hpp(392,14): warning C4244: 'initializing': conversion from 'double' to 'float', possible loss of data
  (compiling source file 'EspLines/Exploits/Others/TeleKill.cpp')
  
C:\Users\Meherab\Desktop\BR MODE BY DEATH ENGINE\example_win32_directx11\EspLines\Math\Quaternion.hpp(462,45): warning C4244: '=': conversion from 'double' to 'float', possible loss of data
  (compiling source file 'EspLines/Exploits/Others/TeleKill.cpp')
  
C:\Users\Meherab\Desktop\BR MODE BY DEATH ENGINE\example_win32_directx11\EspLines\Math\Quaternion.hpp(463,21): warning C4244: 'initializing': conversion from 'double' to 'float', possible loss of data
  (compiling source file 'EspLines/Exploits/Others/TeleKill.cpp')
  
C:\Users\Meherab\Desktop\BR MODE BY DEATH ENGINE\example_win32_directx11\EspLines\Math\Quaternion.hpp(470,68): warning C4244: '=': conversion from 'double' to 'float', possible loss of data
  (compiling source file 'EspLines/Exploits/Others/TeleKill.cpp')
  
C:\Users\Meherab\Desktop\BR MODE BY DEATH ENGINE\example_win32_directx11\EspLines\Math\Quaternion.hpp(471,21): warning C4244: 'initializing': conversion from 'double' to 'float', possible loss of data
  (compiling source file 'EspLines/Exploits/Others/TeleKill.cpp')
  
C:\Users\Meherab\Desktop\BR MODE BY DEATH ENGINE\example_win32_directx11\EspLines\Math\Quaternion.hpp(478,68): warning C4244: '=': conversion from 'double' to 'float', possible loss of data
  (compiling source file 'EspLines/Exploits/Others/TeleKill.cpp')
  
C:\Users\Meherab\Desktop\BR MODE BY DEATH ENGINE\example_win32_directx11\EspLines\Math\Quaternion.hpp(479,21): warning C4244: 'initializing': conversion from 'double' to 'float', possible loss of data
  (compiling source file 'EspLines/Exploits/Others/TeleKill.cpp')
  
C:\Users\Meherab\Desktop\BR MODE BY DEATH ENGINE\example_win32_directx11\EspLines\Math\Quaternion.hpp(486,68): warning C4244: '=': conversion from 'double' to 'float', possible loss of data
  (compiling source file 'EspLines/Exploits/Others/TeleKill.cpp')
  
C:\Users\Meherab\Desktop\BR MODE BY DEATH ENGINE\example_win32_directx11\EspLines\Math\Quaternion.hpp(487,21): warning C4244: 'initializing': conversion from 'double' to 'float', possible loss of data
  (compiling source file 'EspLines/Exploits/Others/TeleKill.cpp')
  
C:\Users\Meherab\Desktop\BR MODE BY DEATH ENGINE\example_win32_directx11\EspLines\Math\Quaternion.hpp(514,27): warning C4244: '=': conversion from 'double' to 'float', possible loss of data
  (compiling source file 'EspLines/Exploits/Others/TeleKill.cpp')
  
C:\Users\Meherab\Desktop\BR MODE BY DEATH ENGINE\example_win32_directx11\EspLines\Math\Quaternion.hpp(515,13): warning C4244: 'initializing': conversion from 'double' to 'float', possible loss of data
  (compiling source file 'EspLines/Exploits/Others/TeleKill.cpp')
  
C:\Users\Meherab\Desktop\BR MODE BY DEATH ENGINE\example_win32_directx11\EspLines\Math\Quaternion.hpp(589,15): warning C4305: '=': truncation from 'double' to 'float'
  (compiling source file 'EspLines/Exploits/Others/TeleKill.cpp')
  
C:\Users\Meherab\Desktop\BR MODE BY DEATH ENGINE\example_win32_directx11\EspLines\Math\Quaternion.hpp(597,15): warning C4305: '=': truncation from 'double' to 'float'
  (compiling source file 'EspLines/Exploits/Others/TeleKill.cpp')
  
C:\Users\Meherab\Desktop\BR MODE BY DEATH ENGINE\example_win32_directx11\EspLines\Math\Quaternion.hpp(705,36): warning C4244: 'argument': conversion from 'double' to 'const float', possible loss of data
  (compiling source file 'EspLines/Exploits/Others/TeleKill.cpp')
  
  NoGravityFly.cpp
C:\Users\Meherab\Desktop\BR MODE BY DEATH ENGINE\example_win32_directx11\EspLines\Math\Vector\Vector3.hpp(11,9): warning C4201: nonstandard extension used: nameless struct/union
  (compiling source file 'EspLines/Exploits/Others/NoGravityFly.cpp')
  
C:\Users\Meherab\Desktop\BR MODE BY DEATH ENGINE\example_win32_directx11\EspLines\Math\Vector\Vector3.hpp(339,13): warning C4244: '=': conversion from 'double' to 'float', possible loss of data
  (compiling source file 'EspLines/Exploits/Others/NoGravityFly.cpp')
  
C:\Users\Meherab\Desktop\BR MODE BY DEATH ENGINE\example_win32_directx11\EspLines\Math\Vector\Vector3.hpp(340,13): warning C4244: '=': conversion from 'double' to 'float', possible loss of data
  (compiling source file 'EspLines/Exploits/Others/NoGravityFly.cpp')
  
C:\Users\Meherab\Desktop\BR MODE BY DEATH ENGINE\example_win32_directx11\EspLines\Math\Vector\Vector3.hpp(492,72): warning C4305: 'argument': truncation from 'double' to 'float'
  (compiling source file 'EspLines/Exploits/Others/NoGravityFly.cpp')
  
C:\Users\Meherab\Desktop\BR MODE BY DEATH ENGINE\example_win32_directx11\EspLines\Math\Vector\Vector3.hpp(492,66): warning C4305: 'argument': truncation from 'double' to 'float'
  (compiling source file 'EspLines/Exploits/Others/NoGravityFly.cpp')
  
C:\Users\Meherab\Desktop\BR MODE BY DEATH ENGINE\example_win32_directx11\EspLines\Math\Vector\Vector3.hpp(492,60): warning C4305: 'argument': truncation from 'double' to 'float'
  (compiling source file 'EspLines/Exploits/Others/NoGravityFly.cpp')
  
C:\Users\Meherab\Desktop\BR MODE BY DEATH ENGINE\example_win32_directx11\EspLines\Math\Vector\Vector3.hpp(520,15): warning C4244: '=': conversion from 'double' to 'float', possible loss of data
  (compiling source file 'EspLines/Exploits/Others/NoGravityFly.cpp')
  
C:\Users\Meherab\Desktop\BR MODE BY DEATH ENGINE\example_win32_directx11\EspLines\Math\Vector\Vector3.hpp(521,15): warning C4244: '=': conversion from 'double' to 'float', possible loss of data
  (compiling source file 'EspLines/Exploits/Others/NoGravityFly.cpp')
  
C:\Users\Meherab\Desktop\BR MODE BY DEATH ENGINE\example_win32_directx11\EspLines\Math\Vector\Vector3.hpp(538,13): warning C4244: '=': conversion from 'double' to 'float', possible loss of data
  (compiling source file 'EspLines/Exploits/Others/NoGravityFly.cpp')
  
C:\Users\Meherab\Desktop\BR MODE BY DEATH ENGINE\example_win32_directx11\EspLines\Math\Vector\Vector3.hpp(539,13): warning C4244: '=': conversion from 'double' to 'float', possible loss of data
  (compiling source file 'EspLines/Exploits/Others/NoGravityFly.cpp')
  
C:\Users\Meherab\Desktop\BR MODE BY DEATH ENGINE\example_win32_directx11\EspLines\Math\Vector\Vector3.hpp(594,21): warning C4312: 'type cast': conversion from 'int' to 'const char *' of greater size
  (compiling source file 'EspLines/Exploits/Others/NoGravityFly.cpp')
  
C:\Users\Meherab\Desktop\BR MODE BY DEATH ENGINE\example_win32_directx11\EspLines\Math\Vector\Vector3.hpp(595,21): warning C4312: 'type cast': conversion from 'int' to 'const char *' of greater size
  (compiling source file 'EspLines/Exploits/Others/NoGravityFly.cpp')
  
C:\Users\Meherab\Desktop\BR MODE BY DEATH ENGINE\example_win32_directx11\EspLines\Math\Vector\Vector3.hpp(596,21): warning C4312: 'type cast': conversion from 'int' to 'const char *' of greater size
  (compiling source file 'EspLines/Exploits/Others/NoGravityFly.cpp')
  
  DownPlayer.cpp
C:\Users\Meherab\Desktop\BR MODE BY DEATH ENGINE\example_win32_directx11\EspLines\Math\Vector\Vector3.hpp(11,9): warning C4201: nonstandard extension used: nameless struct/union
  (compiling source file 'EspLines/Exploits/Others/DownPlayer.cpp')
  
C:\Users\Meherab\Desktop\BR MODE BY DEATH ENGINE\example_win32_directx11\EspLines\Math\Vector\Vector3.hpp(339,13): warning C4244: '=': conversion from 'double' to 'float', possible loss of data
  (compiling source file 'EspLines/Exploits/Others/DownPlayer.cpp')
  
C:\Users\Meherab\Desktop\BR MODE BY DEATH ENGINE\example_win32_directx11\EspLines\Math\Vector\Vector3.hpp(340,13): warning C4244: '=': conversion from 'double' to 'float', possible loss of data
  (compiling source file 'EspLines/Exploits/Others/DownPlayer.cpp')
  
C:\Users\Meherab\Desktop\BR MODE BY DEATH ENGINE\example_win32_directx11\EspLines\Math\Vector\Vector3.hpp(492,72): warning C4305: 'argument': truncation from 'double' to 'float'
  (compiling source file 'EspLines/Exploits/Others/DownPlayer.cpp')
  
C:\Users\Meherab\Desktop\BR MODE BY DEATH ENGINE\example_win32_directx11\EspLines\Math\Vector\Vector3.hpp(492,66): warning C4305: 'argument': truncation from 'double' to 'float'
  (compiling source file 'EspLines/Exploits/Others/DownPlayer.cpp')
  
C:\Users\Meherab\Desktop\BR MODE BY DEATH ENGINE\example_win32_directx11\EspLines\Math\Vector\Vector3.hpp(492,60): warning C4305: 'argument': truncation from 'double' to 'float'
  (compiling source file 'EspLines/Exploits/Others/DownPlayer.cpp')
  
C:\Users\Meherab\Desktop\BR MODE BY DEATH ENGINE\example_win32_directx11\EspLines\Math\Vector\Vector3.hpp(520,15): warning C4244: '=': conversion from 'double' to 'float', possible loss of data
  (compiling source file 'EspLines/Exploits/Others/DownPlayer.cpp')
  
C:\Users\Meherab\Desktop\BR MODE BY DEATH ENGINE\example_win32_directx11\EspLines\Math\Vector\Vector3.hpp(521,15): warning C4244: '=': conversion from 'double' to 'float', possible loss of data
  (compiling source file 'EspLines/Exploits/Others/DownPlayer.cpp')
  
C:\Users\Meherab\Desktop\BR MODE BY DEATH ENGINE\example_win32_directx11\EspLines\Math\Vector\Vector3.hpp(538,13): warning C4244: '=': conversion from 'double' to 'float', possible loss of data
  (compiling source file 'EspLines/Exploits/Others/DownPlayer.cpp')
  
C:\Users\Meherab\Desktop\BR MODE BY DEATH ENGINE\example_win32_directx11\EspLines\Math\Vector\Vector3.hpp(539,13): warning C4244: '=': conversion from 'double' to 'float', possible loss of data
  (compiling source file 'EspLines/Exploits/Others/DownPlayer.cpp')
  
C:\Users\Meherab\Desktop\BR MODE BY DEATH ENGINE\example_win32_directx11\EspLines\Math\Vector\Vector3.hpp(594,21): warning C4312: 'type cast': conversion from 'int' to 'const char *' of greater size
  (compiling source file 'EspLines/Exploits/Others/DownPlayer.cpp')
  
C:\Users\Meherab\Desktop\BR MODE BY DEATH ENGINE\example_win32_directx11\EspLines\Math\Vector\Vector3.hpp(595,21): warning C4312: 'type cast': conversion from 'int' to 'const char *' of greater size
  (compiling source file 'EspLines/Exploits/Others/DownPlayer.cpp')
  
C:\Users\Meherab\Desktop\BR MODE BY DEATH ENGINE\example_win32_directx11\EspLines\Math\Vector\Vector3.hpp(596,21): warning C4312: 'type cast': conversion from 'int' to 'const char *' of greater size
  (compiling source file 'EspLines/Exploits/Others/DownPlayer.cpp')
  
  Compiling...
  PullEnemy.cpp
C:\Users\Meherab\Desktop\BR MODE BY DEATH ENGINE\example_win32_directx11\EspLines\Math\Vector\Vector2.hpp(10,9): warning C4201: nonstandard extension used: nameless struct/union
  (compiling source file 'EspLines/Exploits/Others/PullEnemy.cpp')
  
C:\Users\Meherab\Desktop\BR MODE BY DEATH ENGINE\example_win32_directx11\EspLines\Math\Vector\Vector2.hpp(295,13): warning C4244: '=': conversion from 'double' to 'float', possible loss of data
  (compiling source file 'EspLines/Exploits/Others/PullEnemy.cpp')
  
C:\Users\Meherab\Desktop\BR MODE BY DEATH ENGINE\example_win32_directx11\EspLines\Math\Vector\Vector2.hpp(296,13): warning C4244: '=': conversion from 'double' to 'float', possible loss of data
  (compiling source file 'EspLines/Exploits/Others/PullEnemy.cpp')
  
C:\Users\Meherab\Desktop\BR MODE BY DEATH ENGINE\example_win32_directx11\EspLines\Math\Vector\Vector2.hpp(449,15): warning C4244: '=': conversion from 'double' to 'float', possible loss of data
  (compiling source file 'EspLines/Exploits/Others/PullEnemy.cpp')
  
C:\Users\Meherab\Desktop\BR MODE BY DEATH ENGINE\example_win32_directx11\EspLines\Math\Vector\Vector2.hpp(450,15): warning C4244: '=': conversion from 'double' to 'float', possible loss of data
  (compiling source file 'EspLines/Exploits/Others/PullEnemy.cpp')
  
C:\Users\Meherab\Desktop\BR MODE BY DEATH ENGINE\example_win32_directx11\EspLines\Math\Vector\Vector3.hpp(11,9): warning C4201: nonstandard extension used: nameless struct/union
  (compiling source file 'EspLines/Exploits/Others/PullEnemy.cpp')
  
C:\Users\Meherab\Desktop\BR MODE BY DEATH ENGINE\example_win32_directx11\EspLines\Math\Vector\Vector3.hpp(339,13): warning C4244: '=': conversion from 'double' to 'float', possible loss of data
  (compiling source file 'EspLines/Exploits/Others/PullEnemy.cpp')
  
C:\Users\Meherab\Desktop\BR MODE BY DEATH ENGINE\example_win32_directx11\EspLines\Math\Vector\Vector3.hpp(340,13): warning C4244: '=': conversion from 'double' to 'float', possible loss of data
  (compiling source file 'EspLines/Exploits/Others/PullEnemy.cpp')
  
C:\Users\Meherab\Desktop\BR MODE BY DEATH ENGINE\example_win32_directx11\EspLines\Math\Vector\Vector3.hpp(492,72): warning C4305: 'argument': truncation from 'double' to 'float'
  (compiling source file 'EspLines/Exploits/Others/PullEnemy.cpp')
  
C:\Users\Meherab\Desktop\BR MODE BY DEATH ENGINE\example_win32_directx11\EspLines\Math\Vector\Vector3.hpp(492,66): warning C4305: 'argument': truncation from 'double' to 'float'
  (compiling source file 'EspLines/Exploits/Others/PullEnemy.cpp')
  
C:\Users\Meherab\Desktop\BR MODE BY DEATH ENGINE\example_win32_directx11\EspLines\Math\Vector\Vector3.hpp(492,60): warning C4305: 'argument': truncation from 'double' to 'float'
  (compiling source file 'EspLines/Exploits/Others/PullEnemy.cpp')
  
C:\Users\Meherab\Desktop\BR MODE BY DEATH ENGINE\example_win32_directx11\EspLines\Math\Vector\Vector3.hpp(520,15): warning C4244: '=': conversion from 'double' to 'float', possible loss of data
  (compiling source file 'EspLines/Exploits/Others/PullEnemy.cpp')
  
C:\Users\Meherab\Desktop\BR MODE BY DEATH ENGINE\example_win32_directx11\EspLines\Math\Vector\Vector3.hpp(521,15): warning C4244: '=': conversion from 'double' to 'float', possible loss of data
  (compiling source file 'EspLines/Exploits/Others/PullEnemy.cpp')
  
C:\Users\Meherab\Desktop\BR MODE BY DEATH ENGINE\example_win32_directx11\EspLines\Math\Vector\Vector3.hpp(538,13): warning C4244: '=': conversion from 'double' to 'float', possible loss of data
  (compiling source file 'EspLines/Exploits/Others/PullEnemy.cpp')
  
C:\Users\Meherab\Desktop\BR MODE BY DEATH ENGINE\example_win32_directx11\EspLines\Math\Vector\Vector3.hpp(539,13): warning C4244: '=': conversion from 'double' to 'float', possible loss of data
  (compiling source file 'EspLines/Exploits/Others/PullEnemy.cpp')
  
C:\Users\Meherab\Desktop\BR MODE BY DEATH ENGINE\example_win32_directx11\EspLines\Math\Vector\Vector3.hpp(594,21): warning C4312: 'type cast': conversion from 'int' to 'const char *' of greater size
  (compiling source file 'EspLines/Exploits/Others/PullEnemy.cpp')
  
C:\Users\Meherab\Desktop\BR MODE BY DEATH ENGINE\example_win32_directx11\EspLines\Math\Vector\Vector3.hpp(595,21): warning C4312: 'type cast': conversion from 'int' to 'const char *' of greater size
  (compiling source file 'EspLines/Exploits/Others/PullEnemy.cpp')
  
C:\Users\Meherab\Desktop\BR MODE BY DEATH ENGINE\example_win32_directx11\EspLines\Math\Vector\Vector3.hpp(596,21): warning C4312: 'type cast': conversion from 'int' to 'const char *' of greater size
  (compiling source file 'EspLines/Exploits/Others/PullEnemy.cpp')
  
C:\Users\Meherab\Desktop\BR MODE BY DEATH ENGINE\example_win32_directx11\EspLines\Math\Quaternion.hpp(94,9): warning C4201: nonstandard extension used: nameless struct/union
  (compiling source file 'EspLines/Exploits/Others/PullEnemy.cpp')
  
C:\Users\Meherab\Desktop\BR MODE BY DEATH ENGINE\example_win32_directx11\EspLines\Math\Quaternion.hpp(355,37): warning C4244: 'return': conversion from 'double' to 'float', possible loss of data
  (compiling source file 'EspLines/Exploits/Others/PullEnemy.cpp')
  
C:\Users\Meherab\Desktop\BR MODE BY DEATH ENGINE\example_win32_directx11\EspLines\Math\Quaternion.hpp(387,14): warning C4244: 'initializing': conversion from 'double' to 'float', possible loss of data
  (compiling source file 'EspLines/Exploits/Others/PullEnemy.cpp')
  
C:\Users\Meherab\Desktop\BR MODE BY DEATH ENGINE\example_win32_directx11\EspLines\Math\Quaternion.hpp(388,14): warning C4244: 'initializing': conversion from 'double' to 'float', possible loss of data
  (compiling source file 'EspLines/Exploits/Others/PullEnemy.cpp')
  
C:\Users\Meherab\Desktop\BR MODE BY DEATH ENGINE\example_win32_directx11\EspLines\Math\Quaternion.hpp(389,14): warning C4244: 'initializing': conversion from 'double' to 'float', possible loss of data
  (compiling source file 'EspLines/Exploits/Others/PullEnemy.cpp')
  
C:\Users\Meherab\Desktop\BR MODE BY DEATH ENGINE\example_win32_directx11\EspLines\Math\Quaternion.hpp(390,14): warning C4244: 'initializing': conversion from 'double' to 'float', possible loss of data
  (compiling source file 'EspLines/Exploits/Others/PullEnemy.cpp')
  
C:\Users\Meherab\Desktop\BR MODE BY DEATH ENGINE\example_win32_directx11\EspLines\Math\Quaternion.hpp(391,14): warning C4244: 'initializing': conversion from 'double' to 'float', possible loss of data
  (compiling source file 'EspLines/Exploits/Others/PullEnemy.cpp')
  
C:\Users\Meherab\Desktop\BR MODE BY DEATH ENGINE\example_win32_directx11\EspLines\Math\Quaternion.hpp(392,14): warning C4244: 'initializing': conversion from 'double' to 'float', possible loss of data
  (compiling source file 'EspLines/Exploits/Others/PullEnemy.cpp')
  
C:\Users\Meherab\Desktop\BR MODE BY DEATH ENGINE\example_win32_directx11\EspLines\Math\Quaternion.hpp(462,45): warning C4244: '=': conversion from 'double' to 'float', possible loss of data
  (compiling source file 'EspLines/Exploits/Others/PullEnemy.cpp')
  
C:\Users\Meherab\Desktop\BR MODE BY DEATH ENGINE\example_win32_directx11\EspLines\Math\Quaternion.hpp(463,21): warning C4244: 'initializing': conversion from 'double' to 'float', possible loss of data
  (compiling source file 'EspLines/Exploits/Others/PullEnemy.cpp')
  
C:\Users\Meherab\Desktop\BR MODE BY DEATH ENGINE\example_win32_directx11\EspLines\Math\Quaternion.hpp(470,68): warning C4244: '=': conversion from 'double' to 'float', possible loss of data
  (compiling source file 'EspLines/Exploits/Others/PullEnemy.cpp')
  
C:\Users\Meherab\Desktop\BR MODE BY DEATH ENGINE\example_win32_directx11\EspLines\Math\Quaternion.hpp(471,21): warning C4244: 'initializing': conversion from 'double' to 'float', possible loss of data
  (compiling source file 'EspLines/Exploits/Others/PullEnemy.cpp')
  
C:\Users\Meherab\Desktop\BR MODE BY DEATH ENGINE\example_win32_directx11\EspLines\Math\Quaternion.hpp(478,68): warning C4244: '=': conversion from 'double' to 'float', possible loss of data
  (compiling source file 'EspLines/Exploits/Others/PullEnemy.cpp')
  
C:\Users\Meherab\Desktop\BR MODE BY DEATH ENGINE\example_win32_directx11\EspLines\Math\Quaternion.hpp(479,21): warning C4244: 'initializing': conversion from 'double' to 'float', possible loss of data
  (compiling source file 'EspLines/Exploits/Others/PullEnemy.cpp')
  
C:\Users\Meherab\Desktop\BR MODE BY DEATH ENGINE\example_win32_directx11\EspLines\Math\Quaternion.hpp(486,68): warning C4244: '=': conversion from 'double' to 'float', possible loss of data
  (compiling source file 'EspLines/Exploits/Others/PullEnemy.cpp')
  
C:\Users\Meherab\Desktop\BR MODE BY DEATH ENGINE\example_win32_directx11\EspLines\Math\Quaternion.hpp(487,21): warning C4244: 'initializing': conversion from 'double' to 'float', possible loss of data
  (compiling source file 'EspLines/Exploits/Others/PullEnemy.cpp')
  
C:\Users\Meherab\Desktop\BR MODE BY DEATH ENGINE\example_win32_directx11\EspLines\Math\Quaternion.hpp(514,27): warning C4244: '=': conversion from 'double' to 'float', possible loss of data
  (compiling source file 'EspLines/Exploits/Others/PullEnemy.cpp')
  
C:\Users\Meherab\Desktop\BR MODE BY DEATH ENGINE\example_win32_directx11\EspLines\Math\Quaternion.hpp(515,13): warning C4244: 'initializing': conversion from 'double' to 'float', possible loss of data
  (compiling source file 'EspLines/Exploits/Others/PullEnemy.cpp')
  
C:\Users\Meherab\Desktop\BR MODE BY DEATH ENGINE\example_win32_directx11\EspLines\Math\Quaternion.hpp(589,15): warning C4305: '=': truncation from 'double' to 'float'
  (compiling source file 'EspLines/Exploits/Others/PullEnemy.cpp')
  
C:\Users\Meherab\Desktop\BR MODE BY DEATH ENGINE\example_win32_directx11\EspLines\Math\Quaternion.hpp(597,15): warning C4305: '=': truncation from 'double' to 'float'
  (compiling source file 'EspLines/Exploits/Others/PullEnemy.cpp')
  
C:\Users\Meherab\Desktop\BR MODE BY DEATH ENGINE\example_win32_directx11\EspLines\Math\Quaternion.hpp(705,36): warning C4244: 'argument': conversion from 'double' to 'const float', possible loss of data
  (compiling source file 'EspLines/Exploits/Others/PullEnemy.cpp')
  
  BackJump.cpp
C:\Users\Meherab\Desktop\BR MODE BY DEATH ENGINE\example_win32_directx11\EspLines\Math\Vector\Vector3.hpp(11,9): warning C4201: nonstandard extension used: nameless struct/union
  (compiling source file 'EspLines/Exploits/Others/BackJump.cpp')
  
C:\Users\Meherab\Desktop\BR MODE BY DEATH ENGINE\example_win32_directx11\EspLines\Math\Vector\Vector3.hpp(339,13): warning C4244: '=': conversion from 'double' to 'float', possible loss of data
  (compiling source file 'EspLines/Exploits/Others/BackJump.cpp')
  
C:\Users\Meherab\Desktop\BR MODE BY DEATH ENGINE\example_win32_directx11\EspLines\Math\Vector\Vector3.hpp(340,13): warning C4244: '=': conversion from 'double' to 'float', possible loss of data
  (compiling source file 'EspLines/Exploits/Others/BackJump.cpp')
  
C:\Users\Meherab\Desktop\BR MODE BY DEATH ENGINE\example_win32_directx11\EspLines\Math\Vector\Vector3.hpp(492,72): warning C4305: 'argument': truncation from 'double' to 'float'
  (compiling source file 'EspLines/Exploits/Others/BackJump.cpp')
  
C:\Users\Meherab\Desktop\BR MODE BY DEATH ENGINE\example_win32_directx11\EspLines\Math\Vector\Vector3.hpp(492,66): warning C4305: 'argument': truncation from 'double' to 'float'
  (compiling source file 'EspLines/Exploits/Others/BackJump.cpp')
  
C:\Users\Meherab\Desktop\BR MODE BY DEATH ENGINE\example_win32_directx11\EspLines\Math\Vector\Vector3.hpp(492,60): warning C4305: 'argument': truncation from 'double' to 'float'
  (compiling source file 'EspLines/Exploits/Others/BackJump.cpp')
  
C:\Users\Meherab\Desktop\BR MODE BY DEATH ENGINE\example_win32_directx11\EspLines\Math\Vector\Vector3.hpp(520,15): warning C4244: '=': conversion from 'double' to 'float', possible loss of data
  (compiling source file 'EspLines/Exploits/Others/BackJump.cpp')
  
C:\Users\Meherab\Desktop\BR MODE BY DEATH ENGINE\example_win32_directx11\EspLines\Math\Vector\Vector3.hpp(521,15): warning C4244: '=': conversion from 'double' to 'float', possible loss of data
  (compiling source file 'EspLines/Exploits/Others/BackJump.cpp')
  
C:\Users\Meherab\Desktop\BR MODE BY DEATH ENGINE\example_win32_directx11\EspLines\Math\Vector\Vector3.hpp(538,13): warning C4244: '=': conversion from 'double' to 'float', possible loss of data
  (compiling source file 'EspLines/Exploits/Others/BackJump.cpp')
  
C:\Users\Meherab\Desktop\BR MODE BY DEATH ENGINE\example_win32_directx11\EspLines\Math\Vector\Vector3.hpp(539,13): warning C4244: '=': conversion from 'double' to 'float', possible loss of data
  (compiling source file 'EspLines/Exploits/Others/BackJump.cpp')
  
C:\Users\Meherab\Desktop\BR MODE BY DEATH ENGINE\example_win32_directx11\EspLines\Math\Vector\Vector3.hpp(594,21): warning C4312: 'type cast': conversion from 'int' to 'const char *' of greater size
  (compiling source file 'EspLines/Exploits/Others/BackJump.cpp')
  
C:\Users\Meherab\Desktop\BR MODE BY DEATH ENGINE\example_win32_directx11\EspLines\Math\Vector\Vector3.hpp(595,21): warning C4312: 'type cast': conversion from 'int' to 'const char *' of greater size
  (compiling source file 'EspLines/Exploits/Others/BackJump.cpp')
  
C:\Users\Meherab\Desktop\BR MODE BY DEATH ENGINE\example_win32_directx11\EspLines\Math\Vector\Vector3.hpp(596,21): warning C4312: 'type cast': conversion from 'int' to 'const char *' of greater size
  (compiling source file 'EspLines/Exploits/Others/BackJump.cpp')
  
  TelaParada.cpp
C:\Users\Meherab\Desktop\BR MODE BY DEATH ENGINE\example_win32_directx11\EspLines\Math\Vector\Vector3.hpp(11,9): warning C4201: nonstandard extension used: nameless struct/union
  (compiling source file 'EspLines/Exploits/Others/TelaParada.cpp')
  
C:\Users\Meherab\Desktop\BR MODE BY DEATH ENGINE\example_win32_directx11\EspLines\Math\Vector\Vector3.hpp(339,13): warning C4244: '=': conversion from 'double' to 'float', possible loss of data
  (compiling source file 'EspLines/Exploits/Others/TelaParada.cpp')
  
C:\Users\Meherab\Desktop\BR MODE BY DEATH ENGINE\example_win32_directx11\EspLines\Math\Vector\Vector3.hpp(340,13): warning C4244: '=': conversion from 'double' to 'float', possible loss of data
  (compiling source file 'EspLines/Exploits/Others/TelaParada.cpp')
  
C:\Users\Meherab\Desktop\BR MODE BY DEATH ENGINE\example_win32_directx11\EspLines\Math\Vector\Vector3.hpp(492,72): warning C4305: 'argument': truncation from 'double' to 'float'
  (compiling source file 'EspLines/Exploits/Others/TelaParada.cpp')
  
C:\Users\Meherab\Desktop\BR MODE BY DEATH ENGINE\example_win32_directx11\EspLines\Math\Vector\Vector3.hpp(492,66): warning C4305: 'argument': truncation from 'double' to 'float'
  (compiling source file 'EspLines/Exploits/Others/TelaParada.cpp')
  
C:\Users\Meherab\Desktop\BR MODE BY DEATH ENGINE\example_win32_directx11\EspLines\Math\Vector\Vector3.hpp(492,60): warning C4305: 'argument': truncation from 'double' to 'float'
  (compiling source file 'EspLines/Exploits/Others/TelaParada.cpp')
  
C:\Users\Meherab\Desktop\BR MODE BY DEATH ENGINE\example_win32_directx11\EspLines\Math\Vector\Vector3.hpp(520,15): warning C4244: '=': conversion from 'double' to 'float', possible loss of data
  (compiling source file 'EspLines/Exploits/Others/TelaParada.cpp')
  
C:\Users\Meherab\Desktop\BR MODE BY DEATH ENGINE\example_win32_directx11\EspLines\Math\Vector\Vector3.hpp(521,15): warning C4244: '=': conversion from 'double' to 'float', possible loss of data
  (compiling source file 'EspLines/Exploits/Others/TelaParada.cpp')
  
C:\Users\Meherab\Desktop\BR MODE BY DEATH ENGINE\example_win32_directx11\EspLines\Math\Vector\Vector3.hpp(538,13): warning C4244: '=': conversion from 'double' to 'float', possible loss of data
  (compiling source file 'EspLines/Exploits/Others/TelaParada.cpp')
  
C:\Users\Meherab\Desktop\BR MODE BY DEATH ENGINE\example_win32_directx11\EspLines\Math\Vector\Vector3.hpp(539,13): warning C4244: '=': conversion from 'double' to 'float', possible loss of data
  (compiling source file 'EspLines/Exploits/Others/TelaParada.cpp')
  
C:\Users\Meherab\Desktop\BR MODE BY DEATH ENGINE\example_win32_directx11\EspLines\Math\Vector\Vector3.hpp(594,21): warning C4312: 'type cast': conversion from 'int' to 'const char *' of greater size
  (compiling source file 'EspLines/Exploits/Others/TelaParada.cpp')
  
C:\Users\Meherab\Desktop\BR MODE BY DEATH ENGINE\example_win32_directx11\EspLines\Math\Vector\Vector3.hpp(595,21): warning C4312: 'type cast': conversion from 'int' to 'const char *' of greater size
  (compiling source file 'EspLines/Exploits/Others/TelaParada.cpp')
  
C:\Users\Meherab\Desktop\BR MODE BY DEATH ENGINE\example_win32_directx11\EspLines\Math\Vector\Vector3.hpp(596,21): warning C4312: 'type cast': conversion from 'int' to 'const char *' of greater size
  (compiling source file 'EspLines/Exploits/Others/TelaParada.cpp')
  
  UnderCam.cpp
C:\Users\Meherab\Desktop\BR MODE BY DEATH ENGINE\example_win32_directx11\EspLines\Math\Vector\Vector3.hpp(11,9): warning C4201: nonstandard extension used: nameless struct/union
  (compiling source file 'EspLines/Exploits/Camera/UnderCam.cpp')
  
C:\Users\Meherab\Desktop\BR MODE BY DEATH ENGINE\example_win32_directx11\EspLines\Math\Vector\Vector3.hpp(339,13): warning C4244: '=': conversion from 'double' to 'float', possible loss of data
  (compiling source file 'EspLines/Exploits/Camera/UnderCam.cpp')
  
C:\Users\Meherab\Desktop\BR MODE BY DEATH ENGINE\example_win32_directx11\EspLines\Math\Vector\Vector3.hpp(340,13): warning C4244: '=': conversion from 'double' to 'float', possible loss of data
  (compiling source file 'EspLines/Exploits/Camera/UnderCam.cpp')
  
C:\Users\Meherab\Desktop\BR MODE BY DEATH ENGINE\example_win32_directx11\EspLines\Math\Vector\Vector3.hpp(492,72): warning C4305: 'argument': truncation from 'double' to 'float'
  (compiling source file 'EspLines/Exploits/Camera/UnderCam.cpp')
  
C:\Users\Meherab\Desktop\BR MODE BY DEATH ENGINE\example_win32_directx11\EspLines\Math\Vector\Vector3.hpp(492,66): warning C4305: 'argument': truncation from 'double' to 'float'
  (compiling source file 'EspLines/Exploits/Camera/UnderCam.cpp')
  
C:\Users\Meherab\Desktop\BR MODE BY DEATH ENGINE\example_win32_directx11\EspLines\Math\Vector\Vector3.hpp(492,60): warning C4305: 'argument': truncation from 'double' to 'float'
  (compiling source file 'EspLines/Exploits/Camera/UnderCam.cpp')
  
C:\Users\Meherab\Desktop\BR MODE BY DEATH ENGINE\example_win32_directx11\EspLines\Math\Vector\Vector3.hpp(520,15): warning C4244: '=': conversion from 'double' to 'float', possible loss of data
  (compiling source file 'EspLines/Exploits/Camera/UnderCam.cpp')
  
C:\Users\Meherab\Desktop\BR MODE BY DEATH ENGINE\example_win32_directx11\EspLines\Math\Vector\Vector3.hpp(521,15): warning C4244: '=': conversion from 'double' to 'float', possible loss of data
  (compiling source file 'EspLines/Exploits/Camera/UnderCam.cpp')
  
C:\Users\Meherab\Desktop\BR MODE BY DEATH ENGINE\example_win32_directx11\EspLines\Math\Vector\Vector3.hpp(538,13): warning C4244: '=': conversion from 'double' to 'float', possible loss of data
  (compiling source file 'EspLines/Exploits/Camera/UnderCam.cpp')
  
C:\Users\Meherab\Desktop\BR MODE BY DEATH ENGINE\example_win32_directx11\EspLines\Math\Vector\Vector3.hpp(539,13): warning C4244: '=': conversion from 'double' to 'float', possible loss of data
  (compiling source file 'EspLines/Exploits/Camera/UnderCam.cpp')
  
C:\Users\Meherab\Desktop\BR MODE BY DEATH ENGINE\example_win32_directx11\EspLines\Math\Vector\Vector3.hpp(594,21): warning C4312: 'type cast': conversion from 'int' to 'const char *' of greater size
  (compiling source file 'EspLines/Exploits/Camera/UnderCam.cpp')
  
C:\Users\Meherab\Desktop\BR MODE BY DEATH ENGINE\example_win32_directx11\EspLines\Math\Vector\Vector3.hpp(595,21): warning C4312: 'type cast': conversion from 'int' to 'const char *' of greater size
  (compiling source file 'EspLines/Exploits/Camera/UnderCam.cpp')
  
C:\Users\Meherab\Desktop\BR MODE BY DEATH ENGINE\example_win32_directx11\EspLines\Math\Vector\Vector3.hpp(596,21): warning C4312: 'type cast': conversion from 'int' to 'const char *' of greater size
  (compiling source file 'EspLines/Exploits/Camera/UnderCam.cpp')
  
C:\Users\Meherab\Desktop\BR MODE BY DEATH ENGINE\example_win32_directx11\EspLines\Math\Vector\Vector2.hpp(10,9): warning C4201: nonstandard extension used: nameless struct/union
  (compiling source file 'EspLines/Exploits/Camera/UnderCam.cpp')
  
C:\Users\Meherab\Desktop\BR MODE BY DEATH ENGINE\example_win32_directx11\EspLines\Math\Vector\Vector2.hpp(295,13): warning C4244: '=': conversion from 'double' to 'float', possible loss of data
  (compiling source file 'EspLines/Exploits/Camera/UnderCam.cpp')
  
C:\Users\Meherab\Desktop\BR MODE BY DEATH ENGINE\example_win32_directx11\EspLines\Math\Vector\Vector2.hpp(296,13): warning C4244: '=': conversion from 'double' to 'float', possible loss of data
  (compiling source file 'EspLines/Exploits/Camera/UnderCam.cpp')
  
C:\Users\Meherab\Desktop\BR MODE BY DEATH ENGINE\example_win32_directx11\EspLines\Math\Vector\Vector2.hpp(449,15): warning C4244: '=': conversion from 'double' to 'float', possible loss of data
  (compiling source file 'EspLines/Exploits/Camera/UnderCam.cpp')
  
C:\Users\Meherab\Desktop\BR MODE BY DEATH ENGINE\example_win32_directx11\EspLines\Math\Vector\Vector2.hpp(450,15): warning C4244: '=': conversion from 'double' to 'float', possible loss of data
  (compiling source file 'EspLines/Exploits/Camera/UnderCam.cpp')
  
  UpPlayer.cpp
C:\Users\Meherab\Desktop\BR MODE BY DEATH ENGINE\example_win32_directx11\EspLines\Exploits\Exploit\UpPlayer.cpp(1,1): warning C4828: The file contains a character starting at offset 0x20d that is not valid in the current source character set (codepage 65001).
C:\Users\Meherab\Desktop\BR MODE BY DEATH ENGINE\example_win32_directx11\EspLines\Exploits\Exploit\UpPlayer.cpp(1,1): warning C4828: The file contains a character starting at offset 0x7c3 that is not valid in the current source character set (codepage 65001).
C:\Users\Meherab\Desktop\BR MODE BY DEATH ENGINE\example_win32_directx11\EspLines\Exploits\Exploit\UpPlayer.cpp(1,1): warning C4828: The file contains a character starting at offset 0xdea that is not valid in the current source character set (codepage 65001).
C:\Users\Meherab\Desktop\BR MODE BY DEATH ENGINE\example_win32_directx11\EspLines\Exploits\Exploit\UpPlayer.cpp(1,1): warning C4828: The file contains a character starting at offset 0xdf9 that is not valid in the current source character set (codepage 65001).
C:\Users\Meherab\Desktop\BR MODE BY DEATH ENGINE\example_win32_directx11\EspLines\Exploits\Exploit\UpPlayer.cpp(1,1): warning C4828: The file contains a character starting at offset 0xf43 that is not valid in the current source character set (codepage 65001).
C:\Users\Meherab\Desktop\BR MODE BY DEATH ENGINE\example_win32_directx11\EspLines\Exploits\Exploit\UpPlayer.cpp(1,1): warning C4828: The file contains a character starting at offset 0x10ee that is not valid in the current source character set (codepage 65001).
C:\Users\Meherab\Desktop\BR MODE BY DEATH ENGINE\example_win32_directx11\EspLines\Math\Vector\Vector3.hpp(11,9): warning C4201: nonstandard extension used: nameless struct/union
  (compiling source file 'EspLines/Exploits/Exploit/UpPlayer.cpp')
  
C:\Users\Meherab\Desktop\BR MODE BY DEATH ENGINE\example_win32_directx11\EspLines\Math\Vector\Vector3.hpp(339,13): warning C4244: '=': conversion from 'double' to 'float', possible loss of data
  (compiling source file 'EspLines/Exploits/Exploit/UpPlayer.cpp')
  
C:\Users\Meherab\Desktop\BR MODE BY DEATH ENGINE\example_win32_directx11\EspLines\Math\Vector\Vector3.hpp(340,13): warning C4244: '=': conversion from 'double' to 'float', possible loss of data
  (compiling source file 'EspLines/Exploits/Exploit/UpPlayer.cpp')
  
C:\Users\Meherab\Desktop\BR MODE BY DEATH ENGINE\example_win32_directx11\EspLines\Math\Vector\Vector3.hpp(492,72): warning C4305: 'argument': truncation from 'double' to 'float'
  (compiling source file 'EspLines/Exploits/Exploit/UpPlayer.cpp')
  
C:\Users\Meherab\Desktop\BR MODE BY DEATH ENGINE\example_win32_directx11\EspLines\Math\Vector\Vector3.hpp(492,66): warning C4305: 'argument': truncation from 'double' to 'float'
  (compiling source file 'EspLines/Exploits/Exploit/UpPlayer.cpp')
  
C:\Users\Meherab\Desktop\BR MODE BY DEATH ENGINE\example_win32_directx11\EspLines\Math\Vector\Vector3.hpp(492,60): warning C4305: 'argument': truncation from 'double' to 'float'
  (compiling source file 'EspLines/Exploits/Exploit/UpPlayer.cpp')
  
C:\Users\Meherab\Desktop\BR MODE BY DEATH ENGINE\example_win32_directx11\EspLines\Math\Vector\Vector3.hpp(520,15): warning C4244: '=': conversion from 'double' to 'float', possible loss of data
  (compiling source file 'EspLines/Exploits/Exploit/UpPlayer.cpp')
  
C:\Users\Meherab\Desktop\BR MODE BY DEATH ENGINE\example_win32_directx11\EspLines\Math\Vector\Vector3.hpp(521,15): warning C4244: '=': conversion from 'double' to 'float', possible loss of data
  (compiling source file 'EspLines/Exploits/Exploit/UpPlayer.cpp')
  
C:\Users\Meherab\Desktop\BR MODE BY DEATH ENGINE\example_win32_directx11\EspLines\Math\Vector\Vector3.hpp(538,13): warning C4244: '=': conversion from 'double' to 'float', possible loss of data
  (compiling source file 'EspLines/Exploits/Exploit/UpPlayer.cpp')
  
C:\Users\Meherab\Desktop\BR MODE BY DEATH ENGINE\example_win32_directx11\EspLines\Math\Vector\Vector3.hpp(539,13): warning C4244: '=': conversion from 'double' to 'float', possible loss of data
  (compiling source file 'EspLines/Exploits/Exploit/UpPlayer.cpp')
  
C:\Users\Meherab\Desktop\BR MODE BY DEATH ENGINE\example_win32_directx11\EspLines\Math\Vector\Vector3.hpp(594,21): warning C4312: 'type cast': conversion from 'int' to 'const char *' of greater size
  (compiling source file 'EspLines/Exploits/Exploit/UpPlayer.cpp')
  
C:\Users\Meherab\Desktop\BR MODE BY DEATH ENGINE\example_win32_directx11\EspLines\Math\Vector\Vector3.hpp(595,21): warning C4312: 'type cast': conversion from 'int' to 'const char *' of greater size
  (compiling source file 'EspLines/Exploits/Exploit/UpPlayer.cpp')
  
C:\Users\Meherab\Desktop\BR MODE BY DEATH ENGINE\example_win32_directx11\EspLines\Math\Vector\Vector3.hpp(596,21): warning C4312: 'type cast': conversion from 'int' to 'const char *' of greater size
  (compiling source file 'EspLines/Exploits/Exploit/UpPlayer.cpp')
  
C:\Users\Meherab\Desktop\BR MODE BY DEATH ENGINE\example_win32_directx11\EspLines\Math\Vector\Vector2.hpp(10,9): warning C4201: nonstandard extension used: nameless struct/union
  (compiling source file 'EspLines/Exploits/Exploit/UpPlayer.cpp')
  
C:\Users\Meherab\Desktop\BR MODE BY DEATH ENGINE\example_win32_directx11\EspLines\Math\Vector\Vector2.hpp(295,13): warning C4244: '=': conversion from 'double' to 'float', possible loss of data
  (compiling source file 'EspLines/Exploits/Exploit/UpPlayer.cpp')
  
C:\Users\Meherab\Desktop\BR MODE BY DEATH ENGINE\example_win32_directx11\EspLines\Math\Vector\Vector2.hpp(296,13): warning C4244: '=': conversion from 'double' to 'float', possible loss of data
  (compiling source file 'EspLines/Exploits/Exploit/UpPlayer.cpp')
  
C:\Users\Meherab\Desktop\BR MODE BY DEATH ENGINE\example_win32_directx11\EspLines\Math\Vector\Vector2.hpp(449,15): warning C4244: '=': conversion from 'double' to 'float', possible loss of data
  (compiling source file 'EspLines/Exploits/Exploit/UpPlayer.cpp')
  
C:\Users\Meherab\Desktop\BR MODE BY DEATH ENGINE\example_win32_directx11\EspLines\Math\Vector\Vector2.hpp(450,15): warning C4244: '=': conversion from 'double' to 'float', possible loss of data
  (compiling source file 'EspLines/Exploits/Exploit/UpPlayer.cpp')
  
C:\Users\Meherab\Desktop\BR MODE BY DEATH ENGINE\example_win32_directx11\EspLines\Exploits\Exploit\UpPlayer.cpp(23,13): warning C4244: 'initializing': conversion from 'float' to 'int', possible loss of data
C:\Users\Meherab\Desktop\BR MODE BY DEATH ENGINE\example_win32_directx11\EspLines\Exploits\Exploit\UpPlayer.cpp(56,92): warning C4244: 'argument': conversion from 'int' to 'float', possible loss of data
C:\Users\Meherab\Desktop\BR MODE BY DEATH ENGINE\example_win32_directx11\EspLines\Exploits\Exploit\UpPlayer.cpp(56,60): warning C4244: 'argument': conversion from 'int' to 'float', possible loss of data
  NameGun.cpp
C:\Users\Meherab\Desktop\BR MODE BY DEATH ENGINE\example_win32_directx11\EspLines\Features\Visuals\NameGun.cpp(1,1): warning C4828: The file contains a character starting at offset 0x167 that is not valid in the current source character set (codepage 65001).
C:\Users\Meherab\Desktop\BR MODE BY DEATH ENGINE\example_win32_directx11\EspLines\Features\Visuals\NameGun.cpp(1,1): warning C4828: The file contains a character starting at offset 0x1186 that is not valid in the current source character set (codepage 65001).
C:\Users\Meherab\Desktop\BR MODE BY DEATH ENGINE\example_win32_directx11\EspLines\Features\Visuals\NameGun.cpp(1,1): warning C4828: The file contains a character starting at offset 0x1410 that is not valid in the current source character set (codepage 65001).
C:\Users\Meherab\Desktop\BR MODE BY DEATH ENGINE\example_win32_directx11\EspLines\Features\Visuals\NameGun.cpp(1,1): warning C4828: The file contains a character starting at offset 0x1887 that is not valid in the current source character set (codepage 65001).
C:\Users\Meherab\Desktop\BR MODE BY DEATH ENGINE\example_win32_directx11\EspLines\Features\Visuals\NameGun.cpp(1,1): warning C4828: The file contains a character starting at offset 0x1f1a that is not valid in the current source character set (codepage 65001).
C:\Users\Meherab\Desktop\BR MODE BY DEATH ENGINE\example_win32_directx11\EspLines\Features\Visuals\NameGun.cpp(16,24): warning C4876: incomplete or invalid multi-byte character in string literal. Use an escape sequence to preserve these byte values.
C:\Users\Meherab\Desktop\BR MODE BY DEATH ENGINE\example_win32_directx11\EspLines\Features\Visuals\NameGun.cpp(93,22): warning C5321: nonstandard extension used: encoding '\xe3' as a multi-byte utf-8 character. Use \u instead for cross platform compatibility and '/Zc:u8EscapeEncoding' to disable the extension.
C:\Users\Meherab\Desktop\BR MODE BY DEATH ENGINE\example_win32_directx11\EspLines\Features\Visuals\NameGun.cpp(134,21): warning C5321: nonstandard extension used: encoding '\xe3' as a multi-byte utf-8 character. Use \u instead for cross platform compatibility and '/Zc:u8EscapeEncoding' to disable the extension.
C:\Users\Meherab\Desktop\BR MODE BY DEATH ENGINE\example_win32_directx11\EspLines\Features\Visuals\NameGun.cpp(144,22): warning C5321: nonstandard extension used: encoding '\xE7' as a multi-byte utf-8 character. Use \u instead for cross platform compatibility and '/Zc:u8EscapeEncoding' to disable the extension.
C:\Users\Meherab\Desktop\BR MODE BY DEATH ENGINE\example_win32_directx11\EspLines\Features\Visuals\NameGun.cpp(156,22): warning C4876: incomplete or invalid multi-byte character in string literal. Use an escape sequence to preserve these byte values.
C:\Users\Meherab\Desktop\BR MODE BY DEATH ENGINE\example_win32_directx11\EspLines\Features\Visuals\NameGun.cpp(200,22): warning C4876: incomplete or invalid multi-byte character in string literal. Use an escape sequence to preserve these byte values.
  Visual.cpp
C:\Users\Meherab\Desktop\BR MODE BY DEATH ENGINE\example_win32_directx11\EspLines\Math\Vector\Vector3.hpp(11,9): warning C4201: nonstandard extension used: nameless struct/union
  (compiling source file 'EspLines/Features/Visuals/Visual.cpp')
  
C:\Users\Meherab\Desktop\BR MODE BY DEATH ENGINE\example_win32_directx11\EspLines\Math\Vector\Vector3.hpp(339,13): warning C4244: '=': conversion from 'double' to 'float', possible loss of data
  (compiling source file 'EspLines/Features/Visuals/Visual.cpp')
  
C:\Users\Meherab\Desktop\BR MODE BY DEATH ENGINE\example_win32_directx11\EspLines\Math\Vector\Vector3.hpp(340,13): warning C4244: '=': conversion from 'double' to 'float', possible loss of data
  (compiling source file 'EspLines/Features/Visuals/Visual.cpp')
  
C:\Users\Meherab\Desktop\BR MODE BY DEATH ENGINE\example_win32_directx11\EspLines\Math\Vector\Vector3.hpp(341,16): warning C4244: 'return': conversion from 'double' to 'float', possible loss of data
  (compiling source file 'EspLines/Features/Visuals/Visual.cpp')
  
C:\Users\Meherab\Desktop\BR MODE BY DEATH ENGINE\example_win32_directx11\EspLines\Math\Vector\Vector3.hpp(378,28): warning C4244: '=': conversion from 'double' to 'float', possible loss of data
  (compiling source file 'EspLines/Features/Visuals/Visual.cpp')
  
C:\Users\Meherab\Desktop\BR MODE BY DEATH ENGINE\example_win32_directx11\EspLines\Math\Vector\Vector3.hpp(379,28): warning C4244: '=': conversion from 'double' to 'float', possible loss of data
  (compiling source file 'EspLines/Features/Visuals/Visual.cpp')
  
C:\Users\Meherab\Desktop\BR MODE BY DEATH ENGINE\example_win32_directx11\EspLines\Math\Vector\Vector3.hpp(380,15): warning C4244: '=': conversion from 'double' to 'float', possible loss of data
  (compiling source file 'EspLines/Features/Visuals/Visual.cpp')
  
C:\Users\Meherab\Desktop\BR MODE BY DEATH ENGINE\example_win32_directx11\EspLines\Math\Vector\Vector3.hpp(398,16): warning C4244: 'return': conversion from 'double' to 'float', possible loss of data
  (compiling source file 'EspLines/Features/Visuals/Visual.cpp')
  
C:\Users\Meherab\Desktop\BR MODE BY DEATH ENGINE\example_win32_directx11\EspLines\Math\Vector\Vector3.hpp(480,18): warning C4244: '=': conversion from 'double' to 'float', possible loss of data
  (compiling source file 'EspLines/Features/Visuals/Visual.cpp')
  
C:\Users\Meherab\Desktop\BR MODE BY DEATH ENGINE\example_win32_directx11\EspLines\Math\Vector\Vector3.hpp(481,18): warning C4244: '=': conversion from 'double' to 'float', possible loss of data
  (compiling source file 'EspLines/Features/Visuals/Visual.cpp')
  
C:\Users\Meherab\Desktop\BR MODE BY DEATH ENGINE\example_win32_directx11\EspLines\Math\Vector\Vector3.hpp(492,72): warning C4305: 'argument': truncation from 'double' to 'float'
  (compiling source file 'EspLines/Features/Visuals/Visual.cpp')
  
C:\Users\Meherab\Desktop\BR MODE BY DEATH ENGINE\example_win32_directx11\EspLines\Math\Vector\Vector3.hpp(492,66): warning C4305: 'argument': truncation from 'double' to 'float'
  (compiling source file 'EspLines/Features/Visuals/Visual.cpp')
  
C:\Users\Meherab\Desktop\BR MODE BY DEATH ENGINE\example_win32_directx11\EspLines\Math\Vector\Vector3.hpp(492,60): warning C4305: 'argument': truncation from 'double' to 'float'
  (compiling source file 'EspLines/Features/Visuals/Visual.cpp')
  
C:\Users\Meherab\Desktop\BR MODE BY DEATH ENGINE\example_win32_directx11\EspLines\Math\Vector\Vector3.hpp(496,38): warning C4244: 'argument': conversion from 'double' to 'const float', possible loss of data
  (compiling source file 'EspLines/Features/Visuals/Visual.cpp')
  
C:\Users\Meherab\Desktop\BR MODE BY DEATH ENGINE\example_win32_directx11\EspLines\Math\Vector\Vector3.hpp(497,35): warning C4244: 'argument': conversion from 'double' to 'const float', possible loss of data
  (compiling source file 'EspLines/Features/Visuals/Visual.cpp')
  
C:\Users\Meherab\Desktop\BR MODE BY DEATH ENGINE\example_win32_directx11\EspLines\Math\Vector\Vector3.hpp(520,15): warning C4244: '=': conversion from 'double' to 'float', possible loss of data
  (compiling source file 'EspLines/Features/Visuals/Visual.cpp')
  
C:\Users\Meherab\Desktop\BR MODE BY DEATH ENGINE\example_win32_directx11\EspLines\Math\Vector\Vector3.hpp(521,15): warning C4244: '=': conversion from 'double' to 'float', possible loss of data
  (compiling source file 'EspLines/Features/Visuals/Visual.cpp')
  
C:\Users\Meherab\Desktop\BR MODE BY DEATH ENGINE\example_win32_directx11\EspLines\Math\Vector\Vector3.hpp(522,17): warning C4244: 'initializing': conversion from 'double' to 'float', possible loss of data
  (compiling source file 'EspLines/Features/Visuals/Visual.cpp')
  
C:\Users\Meherab\Desktop\BR MODE BY DEATH ENGINE\example_win32_directx11\EspLines\Math\Vector\Vector3.hpp(524,29): warning C4244: 'argument': conversion from 'double' to 'const float', possible loss of data
  (compiling source file 'EspLines/Features/Visuals/Visual.cpp')
  
C:\Users\Meherab\Desktop\BR MODE BY DEATH ENGINE\example_win32_directx11\EspLines\Math\Vector\Vector3.hpp(524,56): warning C4244: 'argument': conversion from 'double' to 'const float', possible loss of data
  (compiling source file 'EspLines/Features/Visuals/Visual.cpp')
  
C:\Users\Meherab\Desktop\BR MODE BY DEATH ENGINE\example_win32_directx11\EspLines\Math\Vector\Vector3.hpp(538,13): warning C4244: '=': conversion from 'double' to 'float', possible loss of data
  (compiling source file 'EspLines/Features/Visuals/Visual.cpp')
  
C:\Users\Meherab\Desktop\BR MODE BY DEATH ENGINE\example_win32_directx11\EspLines\Math\Vector\Vector3.hpp(539,13): warning C4244: '=': conversion from 'double' to 'float', possible loss of data
  (compiling source file 'EspLines/Features/Visuals/Visual.cpp')
  
C:\Users\Meherab\Desktop\BR MODE BY DEATH ENGINE\example_win32_directx11\EspLines\Math\Vector\Vector3.hpp(540,17): warning C4244: '=': conversion from 'double' to 'float', possible loss of data
  (compiling source file 'EspLines/Features/Visuals/Visual.cpp')
  
C:\Users\Meherab\Desktop\BR MODE BY DEATH ENGINE\example_win32_directx11\EspLines\Math\Vector\Vector3.hpp(541,16): warning C4244: '=': conversion from 'double' to 'float', possible loss of data
  (compiling source file 'EspLines/Features/Visuals/Visual.cpp')
  
C:\Users\Meherab\Desktop\BR MODE BY DEATH ENGINE\example_win32_directx11\EspLines\Math\Vector\Vector3.hpp(594,21): warning C4312: 'type cast': conversion from 'int' to 'const char *' of greater size
  (compiling source file 'EspLines/Features/Visuals/Visual.cpp')
  
C:\Users\Meherab\Desktop\BR MODE BY DEATH ENGINE\example_win32_directx11\EspLines\Math\Vector\Vector3.hpp(595,21): warning C4312: 'type cast': conversion from 'int' to 'const char *' of greater size
  (compiling source file 'EspLines/Features/Visuals/Visual.cpp')
  
C:\Users\Meherab\Desktop\BR MODE BY DEATH ENGINE\example_win32_directx11\EspLines\Math\Vector\Vector3.hpp(596,21): warning C4312: 'type cast': conversion from 'int' to 'const char *' of greater size
  (compiling source file 'EspLines/Features/Visuals/Visual.cpp')
  
C:\Users\Meherab\Desktop\BR MODE BY DEATH ENGINE\example_win32_directx11\EspLines\Math\Vector\Vector2.hpp(10,9): warning C4201: nonstandard extension used: nameless struct/union
  (compiling source file 'EspLines/Features/Visuals/Visual.cpp')
  
C:\Users\Meherab\Desktop\BR MODE BY DEATH ENGINE\example_win32_directx11\EspLines\Math\Vector\Vector2.hpp(295,13): warning C4244: '=': conversion from 'double' to 'float', possible loss of data
  (compiling source file 'EspLines/Features/Visuals/Visual.cpp')
  
C:\Users\Meherab\Desktop\BR MODE BY DEATH ENGINE\example_win32_directx11\EspLines\Math\Vector\Vector2.hpp(296,13): warning C4244: '=': conversion from 'double' to 'float', possible loss of data
  (compiling source file 'EspLines/Features/Visuals/Visual.cpp')
  
C:\Users\Meherab\Desktop\BR MODE BY DEATH ENGINE\example_win32_directx11\EspLines\Math\Vector\Vector2.hpp(449,15): warning C4244: '=': conversion from 'double' to 'float', possible loss of data
  (compiling source file 'EspLines/Features/Visuals/Visual.cpp')
  
C:\Users\Meherab\Desktop\BR MODE BY DEATH ENGINE\example_win32_directx11\EspLines\Math\Vector\Vector2.hpp(450,15): warning C4244: '=': conversion from 'double' to 'float', possible loss of data
  (compiling source file 'EspLines/Features/Visuals/Visual.cpp')
  
C:\Users\Meherab\Desktop\BR MODE BY DEATH ENGINE\example_win32_directx11\ext\DirectX\Include\dxgitype.h(12,9): warning C4005: 'DXGI_STATUS_OCCLUDED': macro redefinition
  (compiling source file 'EspLines/Features/Visuals/Visual.cpp')
      C:\Program Files (x86)\Windows Kits\10\Include\10.0.26100.0\shared\winerror.h(59309,9):
      see previous definition of 'DXGI_STATUS_OCCLUDED'
  
C:\Users\Meherab\Desktop\BR MODE BY DEATH ENGINE\example_win32_directx11\ext\DirectX\Include\dxgitype.h(13,9): warning C4005: 'DXGI_STATUS_CLIPPED': macro redefinition
  (compiling source file 'EspLines/Features/Visuals/Visual.cpp')
      C:\Program Files (x86)\Windows Kits\10\Include\10.0.26100.0\shared\winerror.h(59318,9):
      see previous definition of 'DXGI_STATUS_CLIPPED'
  
C:\Users\Meherab\Desktop\BR MODE BY DEATH ENGINE\example_win32_directx11\ext\DirectX\Include\dxgitype.h(14,9): warning C4005: 'DXGI_STATUS_NO_REDIRECTION': macro redefinition
  (compiling source file 'EspLines/Features/Visuals/Visual.cpp')
      C:\Program Files (x86)\Windows Kits\10\Include\10.0.26100.0\shared\winerror.h(59327,9):
      see previous definition of 'DXGI_STATUS_NO_REDIRECTION'
  
C:\Users\Meherab\Desktop\BR MODE BY DEATH ENGINE\example_win32_directx11\ext\DirectX\Include\dxgitype.h(15,9): warning C4005: 'DXGI_STATUS_NO_DESKTOP_ACCESS': macro redefinition
  (compiling source file 'EspLines/Features/Visuals/Visual.cpp')
      C:\Program Files (x86)\Windows Kits\10\Include\10.0.26100.0\shared\winerror.h(59336,9):
      see previous definition of 'DXGI_STATUS_NO_DESKTOP_ACCESS'
  
C:\Users\Meherab\Desktop\BR MODE BY DEATH ENGINE\example_win32_directx11\ext\DirectX\Include\dxgitype.h(16,9): warning C4005: 'DXGI_STATUS_GRAPHICS_VIDPN_SOURCE_IN_USE': macro redefinition
  (compiling source file 'EspLines/Features/Visuals/Visual.cpp')
      C:\Program Files (x86)\Windows Kits\10\Include\10.0.26100.0\shared\winerror.h(59345,9):
      see previous definition of 'DXGI_STATUS_GRAPHICS_VIDPN_SOURCE_IN_USE'
  
C:\Users\Meherab\Desktop\BR MODE BY DEATH ENGINE\example_win32_directx11\ext\DirectX\Include\dxgitype.h(17,9): warning C4005: 'DXGI_STATUS_MODE_CHANGED': macro redefinition
  (compiling source file 'EspLines/Features/Visuals/Visual.cpp')
      C:\Program Files (x86)\Windows Kits\10\Include\10.0.26100.0\shared\winerror.h(59354,9):
      see previous definition of 'DXGI_STATUS_MODE_CHANGED'
  
C:\Users\Meherab\Desktop\BR MODE BY DEATH ENGINE\example_win32_directx11\ext\DirectX\Include\dxgitype.h(18,9): warning C4005: 'DXGI_STATUS_MODE_CHANGE_IN_PROGRESS': macro redefinition
  (compiling source file 'EspLines/Features/Visuals/Visual.cpp')
      C:\Program Files (x86)\Windows Kits\10\Include\10.0.26100.0\shared\winerror.h(59363,9):
      see previous definition of 'DXGI_STATUS_MODE_CHANGE_IN_PROGRESS'
  
C:\Users\Meherab\Desktop\BR MODE BY DEATH ENGINE\example_win32_directx11\ext\DirectX\Include\dxgitype.h(21,9): warning C4005: 'DXGI_ERROR_INVALID_CALL': macro redefinition
  (compiling source file 'EspLines/Features/Visuals/Visual.cpp')
      C:\Program Files (x86)\Windows Kits\10\Include\10.0.26100.0\shared\winerror.h(59378,9):
      see previous definition of 'DXGI_ERROR_INVALID_CALL'
  
C:\Users\Meherab\Desktop\BR MODE BY DEATH ENGINE\example_win32_directx11\ext\DirectX\Include\dxgitype.h(22,9): warning C4005: 'DXGI_ERROR_NOT_FOUND': macro redefinition
  (compiling source file 'EspLines/Features/Visuals/Visual.cpp')
      C:\Program Files (x86)\Windows Kits\10\Include\10.0.26100.0\shared\winerror.h(59387,9):
      see previous definition of 'DXGI_ERROR_NOT_FOUND'
  
C:\Users\Meherab\Desktop\BR MODE BY DEATH ENGINE\example_win32_directx11\ext\DirectX\Include\dxgitype.h(23,9): warning C4005: 'DXGI_ERROR_MORE_DATA': macro redefinition
  (compiling source file 'EspLines/Features/Visuals/Visual.cpp')
      C:\Program Files (x86)\Windows Kits\10\Include\10.0.26100.0\shared\winerror.h(59396,9):
      see previous definition of 'DXGI_ERROR_MORE_DATA'
  
C:\Users\Meherab\Desktop\BR MODE BY DEATH ENGINE\example_win32_directx11\ext\DirectX\Include\dxgitype.h(24,9): warning C4005: 'DXGI_ERROR_UNSUPPORTED': macro redefinition
  (compiling source file 'EspLines/Features/Visuals/Visual.cpp')
      C:\Program Files (x86)\Windows Kits\10\Include\10.0.26100.0\shared\winerror.h(59405,9):
      see previous definition of 'DXGI_ERROR_UNSUPPORTED'
  
C:\Users\Meherab\Desktop\BR MODE BY DEATH ENGINE\example_win32_directx11\ext\DirectX\Include\dxgitype.h(25,9): warning C4005: 'DXGI_ERROR_DEVICE_REMOVED': macro redefinition
  (compiling source file 'EspLines/Features/Visuals/Visual.cpp')
      C:\Program Files (x86)\Windows Kits\10\Include\10.0.26100.0\shared\winerror.h(59414,9):
      see previous definition of 'DXGI_ERROR_DEVICE_REMOVED'
  
C:\Users\Meherab\Desktop\BR MODE BY DEATH ENGINE\example_win32_directx11\ext\DirectX\Include\dxgitype.h(26,9): warning C4005: 'DXGI_ERROR_DEVICE_HUNG': macro redefinition
  (compiling source file 'EspLines/Features/Visuals/Visual.cpp')
      C:\Program Files (x86)\Windows Kits\10\Include\10.0.26100.0\shared\winerror.h(59423,9):
      see previous definition of 'DXGI_ERROR_DEVICE_HUNG'
  
C:\Users\Meherab\Desktop\BR MODE BY DEATH ENGINE\example_win32_directx11\ext\DirectX\Include\dxgitype.h(27,9): warning C4005: 'DXGI_ERROR_DEVICE_RESET': macro redefinition
  (compiling source file 'EspLines/Features/Visuals/Visual.cpp')
      C:\Program Files (x86)\Windows Kits\10\Include\10.0.26100.0\shared\winerror.h(59433,9):
      see previous definition of 'DXGI_ERROR_DEVICE_RESET'
  
C:\Users\Meherab\Desktop\BR MODE BY DEATH ENGINE\example_win32_directx11\ext\DirectX\Include\dxgitype.h(28,9): warning C4005: 'DXGI_ERROR_WAS_STILL_DRAWING': macro redefinition
  (compiling source file 'EspLines/Features/Visuals/Visual.cpp')
      C:\Program Files (x86)\Windows Kits\10\Include\10.0.26100.0\shared\winerror.h(59442,9):
      see previous definition of 'DXGI_ERROR_WAS_STILL_DRAWING'
  
C:\Users\Meherab\Desktop\BR MODE BY DEATH ENGINE\example_win32_directx11\ext\DirectX\Include\dxgitype.h(29,9): warning C4005: 'DXGI_ERROR_FRAME_STATISTICS_DISJOINT': macro redefinition
  (compiling source file 'EspLines/Features/Visuals/Visual.cpp')
      C:\Program Files (x86)\Windows Kits\10\Include\10.0.26100.0\shared\winerror.h(59452,9):
      see previous definition of 'DXGI_ERROR_FRAME_STATISTICS_DISJOINT'
  
C:\Users\Meherab\Desktop\BR MODE BY DEATH ENGINE\example_win32_directx11\ext\DirectX\Include\dxgitype.h(30,9): warning C4005: 'DXGI_ERROR_GRAPHICS_VIDPN_SOURCE_IN_USE': macro redefinition
  (compiling source file 'EspLines/Features/Visuals/Visual.cpp')
      C:\Program Files (x86)\Windows Kits\10\Include\10.0.26100.0\shared\winerror.h(59461,9):
      see previous definition of 'DXGI_ERROR_GRAPHICS_VIDPN_SOURCE_IN_USE'
  
C:\Users\Meherab\Desktop\BR MODE BY DEATH ENGINE\example_win32_directx11\ext\DirectX\Include\dxgitype.h(31,9): warning C4005: 'DXGI_ERROR_DRIVER_INTERNAL_ERROR': macro redefinition
  (compiling source file 'EspLines/Features/Visuals/Visual.cpp')
      C:\Program Files (x86)\Windows Kits\10\Include\10.0.26100.0\shared\winerror.h(59471,9):
      see previous definition of 'DXGI_ERROR_DRIVER_INTERNAL_ERROR'
  
C:\Users\Meherab\Desktop\BR MODE BY DEATH ENGINE\example_win32_directx11\ext\DirectX\Include\dxgitype.h(32,9): warning C4005: 'DXGI_ERROR_NONEXCLUSIVE': macro redefinition
  (compiling source file 'EspLines/Features/Visuals/Visual.cpp')
      C:\Program Files (x86)\Windows Kits\10\Include\10.0.26100.0\shared\winerror.h(59480,9):
      see previous definition of 'DXGI_ERROR_NONEXCLUSIVE'
  
C:\Users\Meherab\Desktop\BR MODE BY DEATH ENGINE\example_win32_directx11\ext\DirectX\Include\dxgitype.h(33,9): warning C4005: 'DXGI_ERROR_NOT_CURRENTLY_AVAILABLE': macro redefinition
  (compiling source file 'EspLines/Features/Visuals/Visual.cpp')
      C:\Program Files (x86)\Windows Kits\10\Include\10.0.26100.0\shared\winerror.h(59489,9):
      see previous definition of 'DXGI_ERROR_NOT_CURRENTLY_AVAILABLE'
  
C:\Users\Meherab\Desktop\BR MODE BY DEATH ENGINE\example_win32_directx11\ext\DirectX\Include\dxgitype.h(34,9): warning C4005: 'DXGI_ERROR_REMOTE_CLIENT_DISCONNECTED': macro redefinition
  (compiling source file 'EspLines/Features/Visuals/Visual.cpp')
      C:\Program Files (x86)\Windows Kits\10\Include\10.0.26100.0\shared\winerror.h(59499,9):
      see previous definition of 'DXGI_ERROR_REMOTE_CLIENT_DISCONNECTED'
  
C:\Users\Meherab\Desktop\BR MODE BY DEATH ENGINE\example_win32_directx11\ext\DirectX\Include\dxgitype.h(35,9): warning C4005: 'DXGI_ERROR_REMOTE_OUTOFMEMORY': macro redefinition
  (compiling source file 'EspLines/Features/Visuals/Visual.cpp')
      C:\Program Files (x86)\Windows Kits\10\Include\10.0.26100.0\shared\winerror.h(59508,9):
      see previous definition of 'DXGI_ERROR_REMOTE_OUTOFMEMORY'
  
C:\Users\Meherab\Desktop\BR MODE BY DEATH ENGINE\example_win32_directx11\ext\DirectX\Include\d3d11.h(917,9): warning C4005: 'D3D11_ERROR_TOO_MANY_UNIQUE_STATE_OBJECTS': macro redefinition
  (compiling source file 'EspLines/Features/Visuals/Visual.cpp')
      C:\Program Files (x86)\Windows Kits\10\Include\10.0.26100.0\shared\winerror.h(59823,9):
      see previous definition of 'D3D11_ERROR_TOO_MANY_UNIQUE_STATE_OBJECTS'
  
C:\Users\Meherab\Desktop\BR MODE BY DEATH ENGINE\example_win32_directx11\ext\DirectX\Include\d3d11.h(918,9): warning C4005: 'D3D11_ERROR_FILE_NOT_FOUND': macro redefinition
  (compiling source file 'EspLines/Features/Visuals/Visual.cpp')
      C:\Program Files (x86)\Windows Kits\10\Include\10.0.26100.0\shared\winerror.h(59832,9):
      see previous definition of 'D3D11_ERROR_FILE_NOT_FOUND'
  
C:\Users\Meherab\Desktop\BR MODE BY DEATH ENGINE\example_win32_directx11\ext\DirectX\Include\d3d11.h(919,9): warning C4005: 'D3D11_ERROR_TOO_MANY_UNIQUE_VIEW_OBJECTS': macro redefinition
  (compiling source file 'EspLines/Features/Visuals/Visual.cpp')
      C:\Program Files (x86)\Windows Kits\10\Include\10.0.26100.0\shared\winerror.h(59842,9):
      see previous definition of 'D3D11_ERROR_TOO_MANY_UNIQUE_VIEW_OBJECTS'
  
C:\Users\Meherab\Desktop\BR MODE BY DEATH ENGINE\example_win32_directx11\ext\DirectX\Include\d3d11.h(920,9): warning C4005: 'D3D11_ERROR_DEFERRED_CONTEXT_MAP_WITHOUT_INITIAL_DISCARD': macro redefinition
  (compiling source file 'EspLines/Features/Visuals/Visual.cpp')
      C:\Program Files (x86)\Windows Kits\10\Include\10.0.26100.0\shared\winerror.h(59851,9):
      see previous definition of 'D3D11_ERROR_DEFERRED_CONTEXT_MAP_WITHOUT_INITIAL_DISCARD'
  
C:\Users\Meherab\Desktop\BR MODE BY DEATH ENGINE\example_win32_directx11\ext\DirectX\Include\d3d10.h(608,9): warning C4005: 'D3D10_ERROR_TOO_MANY_UNIQUE_STATE_OBJECTS': macro redefinition
  (compiling source file 'EspLines/Features/Visuals/Visual.cpp')
      C:\Program Files (x86)\Windows Kits\10\Include\10.0.26100.0\shared\winerror.h(59799,9):
      see previous definition of 'D3D10_ERROR_TOO_MANY_UNIQUE_STATE_OBJECTS'
  
C:\Users\Meherab\Desktop\BR MODE BY DEATH ENGINE\example_win32_directx11\ext\DirectX\Include\d3d10.h(609,9): warning C4005: 'D3D10_ERROR_FILE_NOT_FOUND': macro redefinition
  (compiling source file 'EspLines/Features/Visuals/Visual.cpp')
      C:\Program Files (x86)\Windows Kits\10\Include\10.0.26100.0\shared\winerror.h(59808,9):
      see previous definition of 'D3D10_ERROR_FILE_NOT_FOUND'
  
C:\Users\Meherab\Desktop\BR MODE BY DEATH ENGINE\example_win32_directx11\EspLines\Features\Visuals\Visual.cpp(146,11): warning C4189: 'boxColor': local variable is initialized but not referenced
C:\Users\Meherab\Desktop\BR MODE BY DEATH ENGINE\example_win32_directx11\EspLines\Features\Visuals\Visual.cpp(144,11): warning C4189: 'shadowThickness': local variable is initialized but not referenced
C:\Users\Meherab\Desktop\BR MODE BY DEATH ENGINE\example_win32_directx11\EspLines\Features\Visuals\Visual.cpp(143,11): warning C4189: 'shadowPad': local variable is initialized but not referenced
C:\Users\Meherab\Desktop\BR MODE BY DEATH ENGINE\example_win32_directx11\EspLines\Features\Visuals\Visual.cpp(168,75): warning C4100: 'thickness': unreferenced parameter
C:\Users\Meherab\Desktop\BR MODE BY DEATH ENGINE\example_win32_directx11\EspLines\Features\Visuals\Visual.cpp(174,11): warning C4189: 'boxColor': local variable is initialized but not referenced
C:\Users\Meherab\Desktop\BR MODE BY DEATH ENGINE\example_win32_directx11\EspLines\Features\Visuals\Visual.cpp(172,11): warning C4189: 'shadowThickness': local variable is initialized but not referenced
C:\Users\Meherab\Desktop\BR MODE BY DEATH ENGINE\example_win32_directx11\EspLines\Features\Visuals\Visual.cpp(171,11): warning C4189: 'shadowPad': local variable is initialized but not referenced
C:\Users\Meherab\Desktop\BR MODE BY DEATH ENGINE\example_win32_directx11\EspLines\Features\Visuals\Visual.cpp(277,14): warning C4189: 'io': local variable is initialized but not referenced
C:\Users\Meherab\Desktop\BR MODE BY DEATH ENGINE\example_win32_directx11\EspLines\Features\Visuals\Visual.cpp(440,57): warning C4244: 'argument': conversion from 'int' to 'float', possible loss of data
C:\Users\Meherab\Desktop\BR MODE BY DEATH ENGINE\example_win32_directx11\EspLines\Features\Visuals\Visual.cpp(441,84): warning C4244: 'argument': conversion from 'int' to 'float', possible loss of data
C:\Users\Meherab\Desktop\BR MODE BY DEATH ENGINE\example_win32_directx11\EspLines\Features\Visuals\Visual.cpp(441,60): warning C4244: 'argument': conversion from 'int' to 'float', possible loss of data
C:\Users\Meherab\Desktop\BR MODE BY DEATH ENGINE\example_win32_directx11\EspLines\Features\Visuals\Visual.cpp(437,19): warning C4189: 'glowThickness': local variable is initialized but not referenced
C:\Users\Meherab\Desktop\BR MODE BY DEATH ENGINE\example_win32_directx11\EspLines\Features\Visuals\Visual.cpp(675,19): warning C4189: 'scaleFactor': local variable is initialized but not referenced
C:\Users\Meherab\Desktop\BR MODE BY DEATH ENGINE\example_win32_directx11\EspLines\Features\Visuals\Visual.cpp(820,17): warning C4189: 'topPadding': local variable is initialized but not referenced
  imgui.cpp
C:\Users\Meherab\Desktop\BR MODE BY DEATH ENGINE\example_win32_directx11\ext\ImGui\imgui.cpp(5598,27): warning C4804: '>': unsafe use of type 'bool' in operation
  imgui_draw.cpp
  imgui_impl_dx11.cpp
C:\Users\Meherab\Desktop\BR MODE BY DEATH ENGINE\example_win32_directx11\ext\DirectX\Include\dxgitype.h(12,9): warning C4005: 'DXGI_STATUS_OCCLUDED': macro redefinition
  (compiling source file 'ext/ImGui/imgui_impl_dx11.cpp')
      C:\Program Files (x86)\Windows Kits\10\Include\10.0.26100.0\shared\winerror.h(59309,9):
      see previous definition of 'DXGI_STATUS_OCCLUDED'
  
C:\Users\Meherab\Desktop\BR MODE BY DEATH ENGINE\example_win32_directx11\ext\DirectX\Include\dxgitype.h(13,9): warning C4005: 'DXGI_STATUS_CLIPPED': macro redefinition
  (compiling source file 'ext/ImGui/imgui_impl_dx11.cpp')
      C:\Program Files (x86)\Windows Kits\10\Include\10.0.26100.0\shared\winerror.h(59318,9):
      see previous definition of 'DXGI_STATUS_CLIPPED'
  
C:\Users\Meherab\Desktop\BR MODE BY DEATH ENGINE\example_win32_directx11\ext\DirectX\Include\dxgitype.h(14,9): warning C4005: 'DXGI_STATUS_NO_REDIRECTION': macro redefinition
  (compiling source file 'ext/ImGui/imgui_impl_dx11.cpp')
      C:\Program Files (x86)\Windows Kits\10\Include\10.0.26100.0\shared\winerror.h(59327,9):
      see previous definition of 'DXGI_STATUS_NO_REDIRECTION'
  
C:\Users\Meherab\Desktop\BR MODE BY DEATH ENGINE\example_win32_directx11\ext\DirectX\Include\dxgitype.h(15,9): warning C4005: 'DXGI_STATUS_NO_DESKTOP_ACCESS': macro redefinition
  (compiling source file 'ext/ImGui/imgui_impl_dx11.cpp')
      C:\Program Files (x86)\Windows Kits\10\Include\10.0.26100.0\shared\winerror.h(59336,9):
      see previous definition of 'DXGI_STATUS_NO_DESKTOP_ACCESS'
  
C:\Users\Meherab\Desktop\BR MODE BY DEATH ENGINE\example_win32_directx11\ext\DirectX\Include\dxgitype.h(16,9): warning C4005: 'DXGI_STATUS_GRAPHICS_VIDPN_SOURCE_IN_USE': macro redefinition
  (compiling source file 'ext/ImGui/imgui_impl_dx11.cpp')
      C:\Program Files (x86)\Windows Kits\10\Include\10.0.26100.0\shared\winerror.h(59345,9):
      see previous definition of 'DXGI_STATUS_GRAPHICS_VIDPN_SOURCE_IN_USE'
  
C:\Users\Meherab\Desktop\BR MODE BY DEATH ENGINE\example_win32_directx11\ext\DirectX\Include\dxgitype.h(17,9): warning C4005: 'DXGI_STATUS_MODE_CHANGED': macro redefinition
  (compiling source file 'ext/ImGui/imgui_impl_dx11.cpp')
      C:\Program Files (x86)\Windows Kits\10\Include\10.0.26100.0\shared\winerror.h(59354,9):
      see previous definition of 'DXGI_STATUS_MODE_CHANGED'
  
C:\Users\Meherab\Desktop\BR MODE BY DEATH ENGINE\example_win32_directx11\ext\DirectX\Include\dxgitype.h(18,9): warning C4005: 'DXGI_STATUS_MODE_CHANGE_IN_PROGRESS': macro redefinition
  (compiling source file 'ext/ImGui/imgui_impl_dx11.cpp')
      C:\Program Files (x86)\Windows Kits\10\Include\10.0.26100.0\shared\winerror.h(59363,9):
      see previous definition of 'DXGI_STATUS_MODE_CHANGE_IN_PROGRESS'
  
C:\Users\Meherab\Desktop\BR MODE BY DEATH ENGINE\example_win32_directx11\ext\DirectX\Include\dxgitype.h(21,9): warning C4005: 'DXGI_ERROR_INVALID_CALL': macro redefinition
  (compiling source file 'ext/ImGui/imgui_impl_dx11.cpp')
      C:\Program Files (x86)\Windows Kits\10\Include\10.0.26100.0\shared\winerror.h(59378,9):
      see previous definition of 'DXGI_ERROR_INVALID_CALL'
  
C:\Users\Meherab\Desktop\BR MODE BY DEATH ENGINE\example_win32_directx11\ext\DirectX\Include\dxgitype.h(22,9): warning C4005: 'DXGI_ERROR_NOT_FOUND': macro redefinition
  (compiling source file 'ext/ImGui/imgui_impl_dx11.cpp')
      C:\Program Files (x86)\Windows Kits\10\Include\10.0.26100.0\shared\winerror.h(59387,9):
      see previous definition of 'DXGI_ERROR_NOT_FOUND'
  
C:\Users\Meherab\Desktop\BR MODE BY DEATH ENGINE\example_win32_directx11\ext\DirectX\Include\dxgitype.h(23,9): warning C4005: 'DXGI_ERROR_MORE_DATA': macro redefinition
  (compiling source file 'ext/ImGui/imgui_impl_dx11.cpp')
      C:\Program Files (x86)\Windows Kits\10\Include\10.0.26100.0\shared\winerror.h(59396,9):
      see previous definition of 'DXGI_ERROR_MORE_DATA'
  
C:\Users\Meherab\Desktop\BR MODE BY DEATH ENGINE\example_win32_directx11\ext\DirectX\Include\dxgitype.h(24,9): warning C4005: 'DXGI_ERROR_UNSUPPORTED': macro redefinition
  (compiling source file 'ext/ImGui/imgui_impl_dx11.cpp')
      C:\Program Files (x86)\Windows Kits\10\Include\10.0.26100.0\shared\winerror.h(59405,9):
      see previous definition of 'DXGI_ERROR_UNSUPPORTED'
  
C:\Users\Meherab\Desktop\BR MODE BY DEATH ENGINE\example_win32_directx11\ext\DirectX\Include\dxgitype.h(25,9): warning C4005: 'DXGI_ERROR_DEVICE_REMOVED': macro redefinition
  (compiling source file 'ext/ImGui/imgui_impl_dx11.cpp')
      C:\Program Files (x86)\Windows Kits\10\Include\10.0.26100.0\shared\winerror.h(59414,9):
      see previous definition of 'DXGI_ERROR_DEVICE_REMOVED'
  
C:\Users\Meherab\Desktop\BR MODE BY DEATH ENGINE\example_win32_directx11\ext\DirectX\Include\dxgitype.h(26,9): warning C4005: 'DXGI_ERROR_DEVICE_HUNG': macro redefinition
  (compiling source file 'ext/ImGui/imgui_impl_dx11.cpp')
      C:\Program Files (x86)\Windows Kits\10\Include\10.0.26100.0\shared\winerror.h(59423,9):
      see previous definition of 'DXGI_ERROR_DEVICE_HUNG'
  
C:\Users\Meherab\Desktop\BR MODE BY DEATH ENGINE\example_win32_directx11\ext\DirectX\Include\dxgitype.h(27,9): warning C4005: 'DXGI_ERROR_DEVICE_RESET': macro redefinition
  (compiling source file 'ext/ImGui/imgui_impl_dx11.cpp')
      C:\Program Files (x86)\Windows Kits\10\Include\10.0.26100.0\shared\winerror.h(59433,9):
      see previous definition of 'DXGI_ERROR_DEVICE_RESET'
  
C:\Users\Meherab\Desktop\BR MODE BY DEATH ENGINE\example_win32_directx11\ext\DirectX\Include\dxgitype.h(28,9): warning C4005: 'DXGI_ERROR_WAS_STILL_DRAWING': macro redefinition
  (compiling source file 'ext/ImGui/imgui_impl_dx11.cpp')
      C:\Program Files (x86)\Windows Kits\10\Include\10.0.26100.0\shared\winerror.h(59442,9):
      see previous definition of 'DXGI_ERROR_WAS_STILL_DRAWING'
  
C:\Users\Meherab\Desktop\BR MODE BY DEATH ENGINE\example_win32_directx11\ext\DirectX\Include\dxgitype.h(29,9): warning C4005: 'DXGI_ERROR_FRAME_STATISTICS_DISJOINT': macro redefinition
  (compiling source file 'ext/ImGui/imgui_impl_dx11.cpp')
      C:\Program Files (x86)\Windows Kits\10\Include\10.0.26100.0\shared\winerror.h(59452,9):
      see previous definition of 'DXGI_ERROR_FRAME_STATISTICS_DISJOINT'
  
C:\Users\Meherab\Desktop\BR MODE BY DEATH ENGINE\example_win32_directx11\ext\DirectX\Include\dxgitype.h(30,9): warning C4005: 'DXGI_ERROR_GRAPHICS_VIDPN_SOURCE_IN_USE': macro redefinition
  (compiling source file 'ext/ImGui/imgui_impl_dx11.cpp')
      C:\Program Files (x86)\Windows Kits\10\Include\10.0.26100.0\shared\winerror.h(59461,9):
      see previous definition of 'DXGI_ERROR_GRAPHICS_VIDPN_SOURCE_IN_USE'
  
C:\Users\Meherab\Desktop\BR MODE BY DEATH ENGINE\example_win32_directx11\ext\DirectX\Include\dxgitype.h(31,9): warning C4005: 'DXGI_ERROR_DRIVER_INTERNAL_ERROR': macro redefinition
  (compiling source file 'ext/ImGui/imgui_impl_dx11.cpp')
      C:\Program Files (x86)\Windows Kits\10\Include\10.0.26100.0\shared\winerror.h(59471,9):
      see previous definition of 'DXGI_ERROR_DRIVER_INTERNAL_ERROR'
  
C:\Users\Meherab\Desktop\BR MODE BY DEATH ENGINE\example_win32_directx11\ext\DirectX\Include\dxgitype.h(32,9): warning C4005: 'DXGI_ERROR_NONEXCLUSIVE': macro redefinition
  (compiling source file 'ext/ImGui/imgui_impl_dx11.cpp')
      C:\Program Files (x86)\Windows Kits\10\Include\10.0.26100.0\shared\winerror.h(59480,9):
      see previous definition of 'DXGI_ERROR_NONEXCLUSIVE'
  
C:\Users\Meherab\Desktop\BR MODE BY DEATH ENGINE\example_win32_directx11\ext\DirectX\Include\dxgitype.h(33,9): warning C4005: 'DXGI_ERROR_NOT_CURRENTLY_AVAILABLE': macro redefinition
  (compiling source file 'ext/ImGui/imgui_impl_dx11.cpp')
      C:\Program Files (x86)\Windows Kits\10\Include\10.0.26100.0\shared\winerror.h(59489,9):
      see previous definition of 'DXGI_ERROR_NOT_CURRENTLY_AVAILABLE'
  
C:\Users\Meherab\Desktop\BR MODE BY DEATH ENGINE\example_win32_directx11\ext\DirectX\Include\dxgitype.h(34,9): warning C4005: 'DXGI_ERROR_REMOTE_CLIENT_DISCONNECTED': macro redefinition
  (compiling source file 'ext/ImGui/imgui_impl_dx11.cpp')
      C:\Program Files (x86)\Windows Kits\10\Include\10.0.26100.0\shared\winerror.h(59499,9):
      see previous definition of 'DXGI_ERROR_REMOTE_CLIENT_DISCONNECTED'
  
C:\Users\Meherab\Desktop\BR MODE BY DEATH ENGINE\example_win32_directx11\ext\DirectX\Include\dxgitype.h(35,9): warning C4005: 'DXGI_ERROR_REMOTE_OUTOFMEMORY': macro redefinition
  (compiling source file 'ext/ImGui/imgui_impl_dx11.cpp')
      C:\Program Files (x86)\Windows Kits\10\Include\10.0.26100.0\shared\winerror.h(59508,9):
      see previous definition of 'DXGI_ERROR_REMOTE_OUTOFMEMORY'
  
C:\Users\Meherab\Desktop\BR MODE BY DEATH ENGINE\example_win32_directx11\ext\DirectX\Include\d3d11.h(917,9): warning C4005: 'D3D11_ERROR_TOO_MANY_UNIQUE_STATE_OBJECTS': macro redefinition
  (compiling source file 'ext/ImGui/imgui_impl_dx11.cpp')
      C:\Program Files (x86)\Windows Kits\10\Include\10.0.26100.0\shared\winerror.h(59823,9):
      see previous definition of 'D3D11_ERROR_TOO_MANY_UNIQUE_STATE_OBJECTS'
  
C:\Users\Meherab\Desktop\BR MODE BY DEATH ENGINE\example_win32_directx11\ext\DirectX\Include\d3d11.h(918,9): warning C4005: 'D3D11_ERROR_FILE_NOT_FOUND': macro redefinition
  (compiling source file 'ext/ImGui/imgui_impl_dx11.cpp')
      C:\Program Files (x86)\Windows Kits\10\Include\10.0.26100.0\shared\winerror.h(59832,9):
      see previous definition of 'D3D11_ERROR_FILE_NOT_FOUND'
  
C:\Users\Meherab\Desktop\BR MODE BY DEATH ENGINE\example_win32_directx11\ext\DirectX\Include\d3d11.h(919,9): warning C4005: 'D3D11_ERROR_TOO_MANY_UNIQUE_VIEW_OBJECTS': macro redefinition
  (compiling source file 'ext/ImGui/imgui_impl_dx11.cpp')
      C:\Program Files (x86)\Windows Kits\10\Include\10.0.26100.0\shared\winerror.h(59842,9):
      see previous definition of 'D3D11_ERROR_TOO_MANY_UNIQUE_VIEW_OBJECTS'
  
C:\Users\Meherab\Desktop\BR MODE BY DEATH ENGINE\example_win32_directx11\ext\DirectX\Include\d3d11.h(920,9): warning C4005: 'D3D11_ERROR_DEFERRED_CONTEXT_MAP_WITHOUT_INITIAL_DISCARD': macro redefinition
  (compiling source file 'ext/ImGui/imgui_impl_dx11.cpp')
      C:\Program Files (x86)\Windows Kits\10\Include\10.0.26100.0\shared\winerror.h(59851,9):
      see previous definition of 'D3D11_ERROR_DEFERRED_CONTEXT_MAP_WITHOUT_INITIAL_DISCARD'
  
C:\Users\Meherab\Desktop\BR MODE BY DEATH ENGINE\example_win32_directx11\ext\DirectX\Include\d3d10.h(608,9): warning C4005: 'D3D10_ERROR_TOO_MANY_UNIQUE_STATE_OBJECTS': macro redefinition
  (compiling source file 'ext/ImGui/imgui_impl_dx11.cpp')
      C:\Program Files (x86)\Windows Kits\10\Include\10.0.26100.0\shared\winerror.h(59799,9):
      see previous definition of 'D3D10_ERROR_TOO_MANY_UNIQUE_STATE_OBJECTS'
  
C:\Users\Meherab\Desktop\BR MODE BY DEATH ENGINE\example_win32_directx11\ext\DirectX\Include\d3d10.h(609,9): warning C4005: 'D3D10_ERROR_FILE_NOT_FOUND': macro redefinition
  (compiling source file 'ext/ImGui/imgui_impl_dx11.cpp')
      C:\Program Files (x86)\Windows Kits\10\Include\10.0.26100.0\shared\winerror.h(59808,9):
      see previous definition of 'D3D10_ERROR_FILE_NOT_FOUND'
  
  imgui_impl_win32.cpp
  imgui_stdlib.cpp
  imgui_tables.cpp
  imgui_widgets.cpp
C:\Users\Meherab\Desktop\BR MODE BY DEATH ENGINE\example_win32_directx11\ext\ImGui\imgui_widgets.cpp(921,23): warning C4189: 'style': local variable is initialized but not referenced
C:\Users\Meherab\Desktop\BR MODE BY DEATH ENGINE\example_win32_directx11\ext\ImGui\imgui_widgets.cpp(1015,34): warning C4244: '=': conversion from 'float' to 'int', possible loss of data
C:\Users\Meherab\Desktop\BR MODE BY DEATH ENGINE\example_win32_directx11\ext\ImGui\imgui_widgets.cpp(1022,126): warning C4244: 'argument': conversion from 'int' to 'float', possible loss of data
C:\Users\Meherab\Desktop\BR MODE BY DEATH ENGINE\example_win32_directx11\ext\ImGui\imgui_widgets.cpp(1251,151): warning C4100: 'flags': unreferenced parameter
C:\Users\Meherab\Desktop\BR MODE BY DEATH ENGINE\example_win32_directx11\ext\ImGui\imgui_widgets.cpp(1329,17): warning C4189: 'bg_col': local variable is initialized but not referenced
C:\Users\Meherab\Desktop\BR MODE BY DEATH ENGINE\example_win32_directx11\ext\ImGui\imgui_widgets.cpp(1330,17): warning C4189: 'grab_col': local variable is initialized but not referenced
C:\Users\Meherab\Desktop\BR MODE BY DEATH ENGINE\example_win32_directx11\ext\ImGui\imgui_widgets.cpp(1774,55): warning C4100: 'KeyState': unreferenced parameter
C:\Users\Meherab\Desktop\BR MODE BY DEATH ENGINE\example_win32_directx11\ext\ImGui\imgui_widgets.cpp(2503,17): warning C4189: 'frame_col': local variable is initialized but not referenced
C:\Users\Meherab\Desktop\BR MODE BY DEATH ENGINE\example_win32_directx11\ext\ImGui\imgui_widgets.cpp(3749,22): warning C4244: '=': conversion from 'float' to 'int', possible loss of data
      C:\Users\Meherab\Desktop\BR MODE BY DEATH ENGINE\example_win32_directx11\ext\ImGui\imgui_widgets.cpp(3749,22):
      the template instantiation context (the oldest one first) is
          C:\Users\Meherab\Desktop\BR MODE BY DEATH ENGINE\example_win32_directx11\ext\ImGui\imgui_widgets.cpp(3763,74):
          see reference to function template instantiation 'bool ImGui::SliderBehaviorT<ImS32,ImS32,float>(const ImRect &,ImGuiID,ImGuiDataType,TYPE *,const TYPE,const TYPE,const char *,ImGuiSliderFlags,ImRect *,int *)' being compiled
          with
          [
              TYPE=ImS32
          ]
  
  FileName.cpp
  Imspinner.h
C:\Users\Meherab\Desktop\BR MODE BY DEATH ENGINE\example_win32_directx11\Imspinner\Imspinner.h(1,1): warning C4828: The file contains a character starting at offset 0x13a9 that is not valid in the current source character set (codepage 65001).
C:\Users\Meherab\Desktop\BR MODE BY DEATH ENGINE\example_win32_directx11\Imspinner\Imspinner.h(1,1): warning C4828: The file contains a character starting at offset 0x13ab that is not valid in the current source character set (codepage 65001).
C:\Users\Meherab\Desktop\BR MODE BY DEATH ENGINE\example_win32_directx11\Imspinner\Imspinner.h(1,1): warning C4828: The file contains a character starting at offset 0x13af that is not valid in the current source character set (codepage 65001).
C:\Users\Meherab\Desktop\BR MODE BY DEATH ENGINE\example_win32_directx11\Imspinner\Imspinner.h(1,1): warning C4828: The file contains a character starting at offset 0x13b4 that is not valid in the current source character set (codepage 65001).
C:\Users\Meherab\Desktop\BR MODE BY DEATH ENGINE\example_win32_directx11\Imspinner\Imspinner.h(1,1): warning C4828: The file contains a character starting at offset 0x13b8 that is not valid in the current source character set (codepage 65001).
C:\Users\Meherab\Desktop\BR MODE BY DEATH ENGINE\example_win32_directx11\Imspinner\Imspinner.h(1,1): warning C4828: The file contains a character starting at offset 0x13bb that is not valid in the current source character set (codepage 65001).
C:\Users\Meherab\Desktop\BR MODE BY DEATH ENGINE\example_win32_directx11\Imspinner\Imspinner.h(1,1): warning C4828: The file contains a character starting at offset 0x13bc that is not valid in the current source character set (codepage 65001).
C:\Users\Meherab\Desktop\BR MODE BY DEATH ENGINE\example_win32_directx11\Imspinner\Imspinner.h(1,1): warning C4828: The file contains a character starting at offset 0x13bd that is not valid in the current source character set (codepage 65001).
C:\Users\Meherab\Desktop\BR MODE BY DEATH ENGINE\example_win32_directx11\Imspinner\Imspinner.h(1,1): warning C4828: The file contains a character starting at offset 0x13be that is not valid in the current source character set (codepage 65001).
C:\Users\Meherab\Desktop\BR MODE BY DEATH ENGINE\example_win32_directx11\Imspinner\Imspinner.h(146,16): warning C4244: 'initializing': conversion from 'double' to 'float', possible loss of data
C:\Users\Meherab\Desktop\BR MODE BY DEATH ENGINE\example_win32_directx11\Imspinner\Imspinner.h(156,27): warning C4244: '=': conversion from 'double' to 'float', possible loss of data
C:\Users\Meherab\Desktop\BR MODE BY DEATH ENGINE\example_win32_directx11\Imspinner\Imspinner.h(151,68): warning C4189: 'velocity': local variable is initialized but not referenced
C:\Users\Meherab\Desktop\BR MODE BY DEATH ENGINE\example_win32_directx11\Imspinner\Imspinner.h(363,15): warning C4189: 'bg_angle_offset': local variable is initialized but not referenced
C:\Users\Meherab\Desktop\BR MODE BY DEATH ENGINE\example_win32_directx11\Imspinner\Imspinner.h(398,15): warning C4189: 'bg_angle_offset': local variable is initialized but not referenced
C:\Users\Meherab\Desktop\BR MODE BY DEATH ENGINE\example_win32_directx11\Imspinner\Imspinner.h(536,90): warning C4100: 'offset_k': unreferenced parameter
C:\Users\Meherab\Desktop\BR MODE BY DEATH ENGINE\example_win32_directx11\Imspinner\Imspinner.h(543,15): warning C4189: 'offset': local variable is initialized but not referenced
C:\Users\Meherab\Desktop\BR MODE BY DEATH ENGINE\example_win32_directx11\Imspinner\Imspinner.h(640,15): warning C4189: 'nextItemKoeff': local variable is initialized but not referenced
C:\Users\Meherab\Desktop\BR MODE BY DEATH ENGINE\example_win32_directx11\Imspinner\Imspinner.h(666,15): warning C4189: 'nextItemKoeff': local variable is initialized but not referenced
C:\Users\Meherab\Desktop\BR MODE BY DEATH ENGINE\example_win32_directx11\Imspinner\Imspinner.h(708,15): warning C4189: 'nextItemKoeff': local variable is initialized but not referenced
C:\Users\Meherab\Desktop\BR MODE BY DEATH ENGINE\example_win32_directx11\Imspinner\Imspinner.h(809,15): warning C4189: 'nextItemKoeff': local variable is initialized but not referenced
C:\Users\Meherab\Desktop\BR MODE BY DEATH ENGINE\example_win32_directx11\Imspinner\Imspinner.h(810,15): warning C4189: 'heightKoeff': local variable is initialized but not referenced
C:\Users\Meherab\Desktop\BR MODE BY DEATH ENGINE\example_win32_directx11\Imspinner\Imspinner.h(811,15): warning C4189: 'heightSpeed': local variable is initialized but not referenced
C:\Users\Meherab\Desktop\BR MODE BY DEATH ENGINE\example_win32_directx11\Imspinner\Imspinner.h(1017,15): warning C4189: 'angle_offset': local variable is initialized but not referenced
C:\Users\Meherab\Desktop\BR MODE BY DEATH ENGINE\example_win32_directx11\Imspinner\Imspinner.h(1196,13): warning C4457: declaration of 'p1' hides function parameter
      C:\Users\Meherab\Desktop\BR MODE BY DEATH ENGINE\example_win32_directx11\Imspinner\Imspinner.h(1213,4):
      see declaration of 'p1'
  
C:\Users\Meherab\Desktop\BR MODE BY DEATH ENGINE\example_win32_directx11\Imspinner\Imspinner.h(1197,13): warning C4457: declaration of 'p2' hides function parameter
      C:\Users\Meherab\Desktop\BR MODE BY DEATH ENGINE\example_win32_directx11\Imspinner\Imspinner.h(1213,4):
      see declaration of 'p2'
  
C:\Users\Meherab\Desktop\BR MODE BY DEATH ENGINE\example_win32_directx11\Imspinner\Imspinner.h(1198,13): warning C4457: declaration of 'p3' hides function parameter
      C:\Users\Meherab\Desktop\BR MODE BY DEATH ENGINE\example_win32_directx11\Imspinner\Imspinner.h(1213,4):
      see declaration of 'p3'
  
C:\Users\Meherab\Desktop\BR MODE BY DEATH ENGINE\example_win32_directx11\Imspinner\Imspinner.h(1230,68): warning C4267: 'argument': conversion from 'size_t' to 'int', possible loss of data
C:\Users\Meherab\Desktop\BR MODE BY DEATH ENGINE\example_win32_directx11\Imspinner\Imspinner.h(1175,134): warning C4100: 'scale': unreferenced parameter
C:\Users\Meherab\Desktop\BR MODE BY DEATH ENGINE\example_win32_directx11\Imspinner\Imspinner.h(1226,15): warning C4189: 'offset': local variable is initialized but not referenced
C:\Users\Meherab\Desktop\BR MODE BY DEATH ENGINE\example_win32_directx11\Imspinner\Imspinner.h(1181,15): warning C4189: 'nextItemKoeff': local variable is initialized but not referenced
C:\Users\Meherab\Desktop\BR MODE BY DEATH ENGINE\example_win32_directx11\Imspinner\Imspinner.h(1182,15): warning C4189: 'yOffsetKoeftt': local variable is initialized but not referenced
C:\Users\Meherab\Desktop\BR MODE BY DEATH ENGINE\example_win32_directx11\Imspinner\Imspinner.h(1183,15): warning C4189: 'heightSpeed': local variable is initialized but not referenced
C:\Users\Meherab\Desktop\BR MODE BY DEATH ENGINE\example_win32_directx11\Imspinner\Imspinner.h(1180,21): warning C4189: 'style': local variable is initialized but not referenced
C:\Users\Meherab\Desktop\BR MODE BY DEATH ENGINE\example_win32_directx11\Imspinner\Imspinner.h(1402,68): warning C4244: 'argument': conversion from 'int' to 'float', possible loss of data
C:\Users\Meherab\Desktop\BR MODE BY DEATH ENGINE\example_win32_directx11\Imspinner\Imspinner.h(1402,17): warning C4267: 'argument': conversion from 'size_t' to 'int', possible loss of data
C:\Users\Meherab\Desktop\BR MODE BY DEATH ENGINE\example_win32_directx11\Imspinner\Imspinner.h(1403,70): warning C4244: 'argument': conversion from 'int' to 'float', possible loss of data
C:\Users\Meherab\Desktop\BR MODE BY DEATH ENGINE\example_win32_directx11\Imspinner\Imspinner.h(1403,17): warning C4267: 'argument': conversion from 'size_t' to 'int', possible loss of data
C:\Users\Meherab\Desktop\BR MODE BY DEATH ENGINE\example_win32_directx11\Imspinner\Imspinner.h(1435,15): warning C4189: 'top': local variable is initialized but not referenced
C:\Users\Meherab\Desktop\BR MODE BY DEATH ENGINE\example_win32_directx11\Imspinner\Imspinner.h(1434,15): warning C4189: 'right': local variable is initialized but not referenced
C:\Users\Meherab\Desktop\BR MODE BY DEATH ENGINE\example_win32_directx11\Imspinner\Imspinner.h(1495,22): warning C4244: 'initializing': conversion from '__int64' to 'int', possible loss of data
C:\Users\Meherab\Desktop\BR MODE BY DEATH ENGINE\example_win32_directx11\Imspinner\Imspinner.h(1495,22): warning C4244: 'initializing': conversion from '__int64' to 'const int', possible loss of data
C:\Users\Meherab\Desktop\BR MODE BY DEATH ENGINE\example_win32_directx11\Imspinner\Imspinner.h(1646,15): warning C4189: 'delta': local variable is initialized but not referenced
C:\Users\Meherab\Desktop\BR MODE BY DEATH ENGINE\example_win32_directx11\Imspinner\Imspinner.h(1660,15): warning C4189: 'top': local variable is initialized but not referenced
C:\Users\Meherab\Desktop\BR MODE BY DEATH ENGINE\example_win32_directx11\Imspinner\Imspinner.h(1659,15): warning C4189: 'right': local variable is initialized but not referenced
C:\Users\Meherab\Desktop\BR MODE BY DEATH ENGINE\example_win32_directx11\Imspinner\Imspinner.h(1683,15): warning C4189: 'ht': local variable is initialized but not referenced
C:\Users\Meherab\Desktop\BR MODE BY DEATH ENGINE\example_win32_directx11\Imspinner\Imspinner.h(1717,16): warning C4189: 'e': local variable is initialized but not referenced
C:\Users\Meherab\Desktop\BR MODE BY DEATH ENGINE\example_win32_directx11\Imspinner\Imspinner.h(1716,16): warning C4189: 'b': local variable is initialized but not referenced
C:\Users\Meherab\Desktop\BR MODE BY DEATH ENGINE\example_win32_directx11\Imspinner\Imspinner.h(1756,15): warning C4189: 'angle_offset': local variable is initialized but not referenced
C:\Users\Meherab\Desktop\BR MODE BY DEATH ENGINE\example_win32_directx11\Imspinner\Imspinner.h(1760,16): warning C4189: 'e': local variable is initialized but not referenced
C:\Users\Meherab\Desktop\BR MODE BY DEATH ENGINE\example_win32_directx11\Imspinner\Imspinner.h(1759,16): warning C4189: 'b': local variable is initialized but not referenced
C:\Users\Meherab\Desktop\BR MODE BY DEATH ENGINE\example_win32_directx11\Imspinner\Imspinner.h(1797,16): warning C4189: 'e': local variable is initialized but not referenced
C:\Users\Meherab\Desktop\BR MODE BY DEATH ENGINE\example_win32_directx11\Imspinner\Imspinner.h(1796,16): warning C4189: 'b': local variable is initialized but not referenced
C:\Users\Meherab\Desktop\BR MODE BY DEATH ENGINE\example_win32_directx11\Imspinner\Imspinner.h(1839,16): warning C4189: 'e': local variable is initialized but not referenced
C:\Users\Meherab\Desktop\BR MODE BY DEATH ENGINE\example_win32_directx11\Imspinner\Imspinner.h(1838,16): warning C4189: 'b': local variable is initialized but not referenced
C:\Users\Meherab\Desktop\BR MODE BY DEATH ENGINE\example_win32_directx11\Imspinner\Imspinner.h(1871,16): warning C4189: 'a': local variable is initialized but not referenced
C:\Users\Meherab\Desktop\BR MODE BY DEATH ENGINE\example_win32_directx11\Imspinner\Imspinner.h(1870,16): warning C4189: 'e': local variable is initialized but not referenced
C:\Users\Meherab\Desktop\BR MODE BY DEATH ENGINE\example_win32_directx11\Imspinner\Imspinner.h(1869,16): warning C4189: 'b': local variable is initialized but not referenced
C:\Users\Meherab\Desktop\BR MODE BY DEATH ENGINE\example_win32_directx11\Imspinner\Imspinner.h(1914,15): warning C4189: 'bg_angle_offset': local variable is initialized but not referenced
C:\Users\Meherab\Desktop\BR MODE BY DEATH ENGINE\example_win32_directx11\Imspinner\Imspinner.h(1933,15): warning C4189: 'bg_angle_offset': local variable is initialized but not referenced
C:\Users\Meherab\Desktop\BR MODE BY DEATH ENGINE\example_win32_directx11\Imspinner\Imspinner.h(1978,30): warning C4244: 'argument': conversion from 'double' to 'float', possible loss of data
C:\Users\Meherab\Desktop\BR MODE BY DEATH ENGINE\example_win32_directx11\Imspinner\Imspinner.h(1979,13): warning C4189: 'half_segments': local variable is initialized but not referenced
C:\Users\Meherab\Desktop\BR MODE BY DEATH ENGINE\example_win32_directx11\Imspinner\Imspinner.h(2063,17): warning C4189: 'storage': local variable is initialized but not referenced
C:\Users\Meherab\Desktop\BR MODE BY DEATH ENGINE\example_win32_directx11\Imspinner\Imspinner.h(2161,160): warning C4100: 'colorY': unreferenced parameter
C:\Users\Meherab\Desktop\BR MODE BY DEATH ENGINE\example_win32_directx11\Imspinner\Imspinner.h(2252,15): warning C4189: 'start': local variable is initialized but not referenced
C:\Users\Meherab\Desktop\BR MODE BY DEATH ENGINE\example_win32_directx11\Imspinner\Imspinner.h(2287,17): warning C4456: declaration of 'pos' hides previous local declaration
      C:\Users\Meherab\Desktop\BR MODE BY DEATH ENGINE\example_win32_directx11\Imspinner\Imspinner.h(2273,3):
      see declaration of 'pos'
  
C:\Users\Meherab\Desktop\BR MODE BY DEATH ENGINE\example_win32_directx11\Imspinner\Imspinner.h(2296,17): warning C4456: declaration of 'pos' hides previous local declaration
      C:\Users\Meherab\Desktop\BR MODE BY DEATH ENGINE\example_win32_directx11\Imspinner\Imspinner.h(2273,3):
      see declaration of 'pos'
  
C:\Users\Meherab\Desktop\BR MODE BY DEATH ENGINE\example_win32_directx11\Imspinner\Imspinner.h(2297,12): warning C4244: 'initializing': conversion from 'double' to 'float', possible loss of data
C:\Users\Meherab\Desktop\BR MODE BY DEATH ENGINE\example_win32_directx11\Imspinner\Imspinner.h(2275,15): warning C4189: 'start': local variable is initialized but not referenced
C:\Users\Meherab\Desktop\BR MODE BY DEATH ENGINE\example_win32_directx11\Imspinner\Imspinner.h(2312,15): warning C4189: 'start': local variable is initialized but not referenced
C:\Users\Meherab\Desktop\BR MODE BY DEATH ENGINE\example_win32_directx11\Imspinner\Imspinner.h(2333,15): warning C4189: 'start': local variable is initialized but not referenced
C:\Users\Meherab\Desktop\BR MODE BY DEATH ENGINE\example_win32_directx11\Imspinner\Imspinner.h(2574,15): warning C4189: 'th': local variable is initialized but not referenced
C:\Users\Meherab\Desktop\BR MODE BY DEATH ENGINE\example_win32_directx11\Imspinner\Imspinner.h(2635,15): warning C4189: 't': local variable is initialized but not referenced
C:\Users\Meherab\Desktop\BR MODE BY DEATH ENGINE\example_win32_directx11\Imspinner\Imspinner.h(2812,16): warning C4189: 'rkoeff': local variable is initialized but not referenced
C:\Users\Meherab\Desktop\BR MODE BY DEATH ENGINE\example_win32_directx11\Imspinner\Imspinner.h(3003,15): warning C4189: 'rstart': local variable is initialized but not referenced
C:\Users\Meherab\Desktop\BR MODE BY DEATH ENGINE\example_win32_directx11\Imspinner\Imspinner.h(3076,16): warning C4189: 'angle': local variable is initialized but not referenced
C:\Users\Meherab\Desktop\BR MODE BY DEATH ENGINE\example_win32_directx11\Imspinner\Imspinner.h(3094,18): warning C4244: 'initializing': conversion from 'float' to 'int', possible loss of data
C:\Users\Meherab\Desktop\BR MODE BY DEATH ENGINE\example_win32_directx11\Imspinner\Imspinner.h(3094,18): warning C4244: 'initializing': conversion from 'float' to 'const int', possible loss of data
C:\Users\Meherab\Desktop\BR MODE BY DEATH ENGINE\example_win32_directx11\Imspinner\Imspinner.h(3088,126): warning C4100: 'mode': unreferenced parameter
C:\Users\Meherab\Desktop\BR MODE BY DEATH ENGINE\example_win32_directx11\Imspinner\Imspinner.h(3112,18): warning C4244: 'initializing': conversion from 'float' to 'int', possible loss of data
C:\Users\Meherab\Desktop\BR MODE BY DEATH ENGINE\example_win32_directx11\Imspinner\Imspinner.h(3112,18): warning C4244: 'initializing': conversion from 'float' to 'const int', possible loss of data
C:\Users\Meherab\Desktop\BR MODE BY DEATH ENGINE\example_win32_directx11\Imspinner\Imspinner.h(3107,130): warning C4100: 'mode': unreferenced parameter
C:\Users\Meherab\Desktop\BR MODE BY DEATH ENGINE\example_win32_directx11\Imspinner\Imspinner.h(3288,15): warning C4189: 'hspeed': local variable is initialized but not referenced
C:\Users\Meherab\Desktop\BR MODE BY DEATH ENGINE\example_win32_directx11\Imspinner\Imspinner.h(3311,15): warning C4189: 'hspeed': local variable is initialized but not referenced
C:\Users\Meherab\Desktop\BR MODE BY DEATH ENGINE\example_win32_directx11\Imspinner\Imspinner.h(3336,16): warning C4189: 'a': local variable is initialized but not referenced
C:\Users\Meherab\Desktop\BR MODE BY DEATH ENGINE\example_win32_directx11\Imspinner\Imspinner.h(3335,16): warning C4189: 'e': local variable is initialized but not referenced
C:\Users\Meherab\Desktop\BR MODE BY DEATH ENGINE\example_win32_directx11\Imspinner\Imspinner.h(3334,16): warning C4189: 'b': local variable is initialized but not referenced
C:\Users\Meherab\Desktop\BR MODE BY DEATH ENGINE\example_win32_directx11\Imspinner\Imspinner.h(3364,16): warning C4189: 'a': local variable is initialized but not referenced
C:\Users\Meherab\Desktop\BR MODE BY DEATH ENGINE\example_win32_directx11\Imspinner\Imspinner.h(3363,16): warning C4189: 'e': local variable is initialized but not referenced
C:\Users\Meherab\Desktop\BR MODE BY DEATH ENGINE\example_win32_directx11\Imspinner\Imspinner.h(3362,16): warning C4189: 'b': local variable is initialized but not referenced
C:\Users\Meherab\Desktop\BR MODE BY DEATH ENGINE\example_win32_directx11\Imspinner\Imspinner.h(3586,15): warning C4189: 'rmin': local variable is initialized but not referenced
C:\Users\Meherab\Desktop\BR MODE BY DEATH ENGINE\example_win32_directx11\Imspinner\Imspinner.h(3761,15): warning C4189: 'bg_angle_offset': local variable is initialized but not referenced
  launcher_entry.cpp
  main.cpp
C:\Users\Meherab\Desktop\BR MODE BY DEATH ENGINE\example_win32_directx11\ext\DirectX\Include\dxgitype.h(12,9): warning C4005: 'DXGI_STATUS_OCCLUDED': macro redefinition
  (compiling source file 'main.cpp')
      C:\Program Files (x86)\Windows Kits\10\Include\10.0.26100.0\shared\winerror.h(59309,9):
      see previous definition of 'DXGI_STATUS_OCCLUDED'
  
C:\Users\Meherab\Desktop\BR MODE BY DEATH ENGINE\example_win32_directx11\ext\DirectX\Include\dxgitype.h(13,9): warning C4005: 'DXGI_STATUS_CLIPPED': macro redefinition
  (compiling source file 'main.cpp')
      C:\Program Files (x86)\Windows Kits\10\Include\10.0.26100.0\shared\winerror.h(59318,9):
      see previous definition of 'DXGI_STATUS_CLIPPED'
  
C:\Users\Meherab\Desktop\BR MODE BY DEATH ENGINE\example_win32_directx11\ext\DirectX\Include\dxgitype.h(14,9): warning C4005: 'DXGI_STATUS_NO_REDIRECTION': macro redefinition
  (compiling source file 'main.cpp')
      C:\Program Files (x86)\Windows Kits\10\Include\10.0.26100.0\shared\winerror.h(59327,9):
      see previous definition of 'DXGI_STATUS_NO_REDIRECTION'
  
C:\Users\Meherab\Desktop\BR MODE BY DEATH ENGINE\example_win32_directx11\ext\DirectX\Include\dxgitype.h(15,9): warning C4005: 'DXGI_STATUS_NO_DESKTOP_ACCESS': macro redefinition
  (compiling source file 'main.cpp')
      C:\Program Files (x86)\Windows Kits\10\Include\10.0.26100.0\shared\winerror.h(59336,9):
      see previous definition of 'DXGI_STATUS_NO_DESKTOP_ACCESS'
  
C:\Users\Meherab\Desktop\BR MODE BY DEATH ENGINE\example_win32_directx11\ext\DirectX\Include\dxgitype.h(16,9): warning C4005: 'DXGI_STATUS_GRAPHICS_VIDPN_SOURCE_IN_USE': macro redefinition
  (compiling source file 'main.cpp')
      C:\Program Files (x86)\Windows Kits\10\Include\10.0.26100.0\shared\winerror.h(59345,9):
      see previous definition of 'DXGI_STATUS_GRAPHICS_VIDPN_SOURCE_IN_USE'
  
C:\Users\Meherab\Desktop\BR MODE BY DEATH ENGINE\example_win32_directx11\ext\DirectX\Include\dxgitype.h(17,9): warning C4005: 'DXGI_STATUS_MODE_CHANGED': macro redefinition
  (compiling source file 'main.cpp')
      C:\Program Files (x86)\Windows Kits\10\Include\10.0.26100.0\shared\winerror.h(59354,9):
      see previous definition of 'DXGI_STATUS_MODE_CHANGED'
  
C:\Users\Meherab\Desktop\BR MODE BY DEATH ENGINE\example_win32_directx11\ext\DirectX\Include\dxgitype.h(18,9): warning C4005: 'DXGI_STATUS_MODE_CHANGE_IN_PROGRESS': macro redefinition
  (compiling source file 'main.cpp')
      C:\Program Files (x86)\Windows Kits\10\Include\10.0.26100.0\shared\winerror.h(59363,9):
      see previous definition of 'DXGI_STATUS_MODE_CHANGE_IN_PROGRESS'
  
C:\Users\Meherab\Desktop\BR MODE BY DEATH ENGINE\example_win32_directx11\ext\DirectX\Include\dxgitype.h(21,9): warning C4005: 'DXGI_ERROR_INVALID_CALL': macro redefinition
  (compiling source file 'main.cpp')
      C:\Program Files (x86)\Windows Kits\10\Include\10.0.26100.0\shared\winerror.h(59378,9):
      see previous definition of 'DXGI_ERROR_INVALID_CALL'
  
C:\Users\Meherab\Desktop\BR MODE BY DEATH ENGINE\example_win32_directx11\ext\DirectX\Include\dxgitype.h(22,9): warning C4005: 'DXGI_ERROR_NOT_FOUND': macro redefinition
  (compiling source file 'main.cpp')
      C:\Program Files (x86)\Windows Kits\10\Include\10.0.26100.0\shared\winerror.h(59387,9):
      see previous definition of 'DXGI_ERROR_NOT_FOUND'
  
C:\Users\Meherab\Desktop\BR MODE BY DEATH ENGINE\example_win32_directx11\ext\DirectX\Include\dxgitype.h(23,9): warning C4005: 'DXGI_ERROR_MORE_DATA': macro redefinition
  (compiling source file 'main.cpp')
      C:\Program Files (x86)\Windows Kits\10\Include\10.0.26100.0\shared\winerror.h(59396,9):
      see previous definition of 'DXGI_ERROR_MORE_DATA'
  
C:\Users\Meherab\Desktop\BR MODE BY DEATH ENGINE\example_win32_directx11\ext\DirectX\Include\dxgitype.h(24,9): warning C4005: 'DXGI_ERROR_UNSUPPORTED': macro redefinition
  (compiling source file 'main.cpp')
      C:\Program Files (x86)\Windows Kits\10\Include\10.0.26100.0\shared\winerror.h(59405,9):
      see previous definition of 'DXGI_ERROR_UNSUPPORTED'
  
C:\Users\Meherab\Desktop\BR MODE BY DEATH ENGINE\example_win32_directx11\ext\DirectX\Include\dxgitype.h(25,9): warning C4005: 'DXGI_ERROR_DEVICE_REMOVED': macro redefinition
  (compiling source file 'main.cpp')
      C:\Program Files (x86)\Windows Kits\10\Include\10.0.26100.0\shared\winerror.h(59414,9):
      see previous definition of 'DXGI_ERROR_DEVICE_REMOVED'
  
C:\Users\Meherab\Desktop\BR MODE BY DEATH ENGINE\example_win32_directx11\ext\DirectX\Include\dxgitype.h(26,9): warning C4005: 'DXGI_ERROR_DEVICE_HUNG': macro redefinition
  (compiling source file 'main.cpp')
      C:\Program Files (x86)\Windows Kits\10\Include\10.0.26100.0\shared\winerror.h(59423,9):
      see previous definition of 'DXGI_ERROR_DEVICE_HUNG'
  
C:\Users\Meherab\Desktop\BR MODE BY DEATH ENGINE\example_win32_directx11\ext\DirectX\Include\dxgitype.h(27,9): warning C4005: 'DXGI_ERROR_DEVICE_RESET': macro redefinition
  (compiling source file 'main.cpp')
      C:\Program Files (x86)\Windows Kits\10\Include\10.0.26100.0\shared\winerror.h(59433,9):
      see previous definition of 'DXGI_ERROR_DEVICE_RESET'
  
C:\Users\Meherab\Desktop\BR MODE BY DEATH ENGINE\example_win32_directx11\ext\DirectX\Include\dxgitype.h(28,9): warning C4005: 'DXGI_ERROR_WAS_STILL_DRAWING': macro redefinition
  (compiling source file 'main.cpp')
      C:\Program Files (x86)\Windows Kits\10\Include\10.0.26100.0\shared\winerror.h(59442,9):
      see previous definition of 'DXGI_ERROR_WAS_STILL_DRAWING'
  
C:\Users\Meherab\Desktop\BR MODE BY DEATH ENGINE\example_win32_directx11\ext\DirectX\Include\dxgitype.h(29,9): warning C4005: 'DXGI_ERROR_FRAME_STATISTICS_DISJOINT': macro redefinition
  (compiling source file 'main.cpp')
      C:\Program Files (x86)\Windows Kits\10\Include\10.0.26100.0\shared\winerror.h(59452,9):
      see previous definition of 'DXGI_ERROR_FRAME_STATISTICS_DISJOINT'
  
C:\Users\Meherab\Desktop\BR MODE BY DEATH ENGINE\example_win32_directx11\ext\DirectX\Include\dxgitype.h(30,9): warning C4005: 'DXGI_ERROR_GRAPHICS_VIDPN_SOURCE_IN_USE': macro redefinition
  (compiling source file 'main.cpp')
      C:\Program Files (x86)\Windows Kits\10\Include\10.0.26100.0\shared\winerror.h(59461,9):
      see previous definition of 'DXGI_ERROR_GRAPHICS_VIDPN_SOURCE_IN_USE'
  
C:\Users\Meherab\Desktop\BR MODE BY DEATH ENGINE\example_win32_directx11\ext\DirectX\Include\dxgitype.h(31,9): warning C4005: 'DXGI_ERROR_DRIVER_INTERNAL_ERROR': macro redefinition
  (compiling source file 'main.cpp')
      C:\Program Files (x86)\Windows Kits\10\Include\10.0.26100.0\shared\winerror.h(59471,9):
      see previous definition of 'DXGI_ERROR_DRIVER_INTERNAL_ERROR'
  
C:\Users\Meherab\Desktop\BR MODE BY DEATH ENGINE\example_win32_directx11\ext\DirectX\Include\dxgitype.h(32,9): warning C4005: 'DXGI_ERROR_NONEXCLUSIVE': macro redefinition
  (compiling source file 'main.cpp')
      C:\Program Files (x86)\Windows Kits\10\Include\10.0.26100.0\shared\winerror.h(59480,9):
      see previous definition of 'DXGI_ERROR_NONEXCLUSIVE'
  
C:\Users\Meherab\Desktop\BR MODE BY DEATH ENGINE\example_win32_directx11\ext\DirectX\Include\dxgitype.h(33,9): warning C4005: 'DXGI_ERROR_NOT_CURRENTLY_AVAILABLE': macro redefinition
  (compiling source file 'main.cpp')
      C:\Program Files (x86)\Windows Kits\10\Include\10.0.26100.0\shared\winerror.h(59489,9):
      see previous definition of 'DXGI_ERROR_NOT_CURRENTLY_AVAILABLE'
  
C:\Users\Meherab\Desktop\BR MODE BY DEATH ENGINE\example_win32_directx11\ext\DirectX\Include\dxgitype.h(34,9): warning C4005: 'DXGI_ERROR_REMOTE_CLIENT_DISCONNECTED': macro redefinition
  (compiling source file 'main.cpp')
      C:\Program Files (x86)\Windows Kits\10\Include\10.0.26100.0\shared\winerror.h(59499,9):
      see previous definition of 'DXGI_ERROR_REMOTE_CLIENT_DISCONNECTED'
  
C:\Users\Meherab\Desktop\BR MODE BY DEATH ENGINE\example_win32_directx11\ext\DirectX\Include\dxgitype.h(35,9): warning C4005: 'DXGI_ERROR_REMOTE_OUTOFMEMORY': macro redefinition
  (compiling source file 'main.cpp')
      C:\Program Files (x86)\Windows Kits\10\Include\10.0.26100.0\shared\winerror.h(59508,9):
      see previous definition of 'DXGI_ERROR_REMOTE_OUTOFMEMORY'
  
C:\Users\Meherab\Desktop\BR MODE BY DEATH ENGINE\example_win32_directx11\ext\DirectX\Include\d3d11.h(917,9): warning C4005: 'D3D11_ERROR_TOO_MANY_UNIQUE_STATE_OBJECTS': macro redefinition
  (compiling source file 'main.cpp')
      C:\Program Files (x86)\Windows Kits\10\Include\10.0.26100.0\shared\winerror.h(59823,9):
      see previous definition of 'D3D11_ERROR_TOO_MANY_UNIQUE_STATE_OBJECTS'
  
C:\Users\Meherab\Desktop\BR MODE BY DEATH ENGINE\example_win32_directx11\ext\DirectX\Include\d3d11.h(918,9): warning C4005: 'D3D11_ERROR_FILE_NOT_FOUND': macro redefinition
  (compiling source file 'main.cpp')
      C:\Program Files (x86)\Windows Kits\10\Include\10.0.26100.0\shared\winerror.h(59832,9):
      see previous definition of 'D3D11_ERROR_FILE_NOT_FOUND'
  
C:\Users\Meherab\Desktop\BR MODE BY DEATH ENGINE\example_win32_directx11\ext\DirectX\Include\d3d11.h(919,9): warning C4005: 'D3D11_ERROR_TOO_MANY_UNIQUE_VIEW_OBJECTS': macro redefinition
  (compiling source file 'main.cpp')
      C:\Program Files (x86)\Windows Kits\10\Include\10.0.26100.0\shared\winerror.h(59842,9):
      see previous definition of 'D3D11_ERROR_TOO_MANY_UNIQUE_VIEW_OBJECTS'
  
C:\Users\Meherab\Desktop\BR MODE BY DEATH ENGINE\example_win32_directx11\ext\DirectX\Include\d3d11.h(920,9): warning C4005: 'D3D11_ERROR_DEFERRED_CONTEXT_MAP_WITHOUT_INITIAL_DISCARD': macro redefinition
  (compiling source file 'main.cpp')
      C:\Program Files (x86)\Windows Kits\10\Include\10.0.26100.0\shared\winerror.h(59851,9):
      see previous definition of 'D3D11_ERROR_DEFERRED_CONTEXT_MAP_WITHOUT_INITIAL_DISCARD'
  
C:\Users\Meherab\Desktop\BR MODE BY DEATH ENGINE\example_win32_directx11\ext\DirectX\Include\d3d10.h(608,9): warning C4005: 'D3D10_ERROR_TOO_MANY_UNIQUE_STATE_OBJECTS': macro redefinition
  (compiling source file 'main.cpp')
      C:\Program Files (x86)\Windows Kits\10\Include\10.0.26100.0\shared\winerror.h(59799,9):
      see previous definition of 'D3D10_ERROR_TOO_MANY_UNIQUE_STATE_OBJECTS'
  
C:\Users\Meherab\Desktop\BR MODE BY DEATH ENGINE\example_win32_directx11\ext\DirectX\Include\d3d10.h(609,9): warning C4005: 'D3D10_ERROR_FILE_NOT_FOUND': macro redefinition
  (compiling source file 'main.cpp')
      C:\Program Files (x86)\Windows Kits\10\Include\10.0.26100.0\shared\winerror.h(59808,9):
      see previous definition of 'D3D10_ERROR_FILE_NOT_FOUND'
  
C:\Users\Meherab\Desktop\BR MODE BY DEATH ENGINE\example_win32_directx11\EspLines\Math\Vector\Vector3.hpp(11,9): warning C4201: nonstandard extension used: nameless struct/union
  (compiling source file 'main.cpp')
  
C:\Users\Meherab\Desktop\BR MODE BY DEATH ENGINE\example_win32_directx11\EspLines\Math\Vector\Vector3.hpp(339,13): warning C4244: '=': conversion from 'double' to 'float', possible loss of data
  (compiling source file 'main.cpp')
  
C:\Users\Meherab\Desktop\BR MODE BY DEATH ENGINE\example_win32_directx11\EspLines\Math\Vector\Vector3.hpp(340,13): warning C4244: '=': conversion from 'double' to 'float', possible loss of data
  (compiling source file 'main.cpp')
  
C:\Users\Meherab\Desktop\BR MODE BY DEATH ENGINE\example_win32_directx11\EspLines\Math\Vector\Vector3.hpp(492,72): warning C4305: 'argument': truncation from 'double' to 'float'
  (compiling source file 'main.cpp')
  
C:\Users\Meherab\Desktop\BR MODE BY DEATH ENGINE\example_win32_directx11\EspLines\Math\Vector\Vector3.hpp(492,66): warning C4305: 'argument': truncation from 'double' to 'float'
  (compiling source file 'main.cpp')
  
C:\Users\Meherab\Desktop\BR MODE BY DEATH ENGINE\example_win32_directx11\EspLines\Math\Vector\Vector3.hpp(492,60): warning C4305: 'argument': truncation from 'double' to 'float'
  (compiling source file 'main.cpp')
  
C:\Users\Meherab\Desktop\BR MODE BY DEATH ENGINE\example_win32_directx11\EspLines\Math\Vector\Vector3.hpp(520,15): warning C4244: '=': conversion from 'double' to 'float', possible loss of data
  (compiling source file 'main.cpp')
  
C:\Users\Meherab\Desktop\BR MODE BY DEATH ENGINE\example_win32_directx11\EspLines\Math\Vector\Vector3.hpp(521,15): warning C4244: '=': conversion from 'double' to 'float', possible loss of data
  (compiling source file 'main.cpp')
  
C:\Users\Meherab\Desktop\BR MODE BY DEATH ENGINE\example_win32_directx11\EspLines\Math\Vector\Vector3.hpp(538,13): warning C4244: '=': conversion from 'double' to 'float', possible loss of data
  (compiling source file 'main.cpp')
  
C:\Users\Meherab\Desktop\BR MODE BY DEATH ENGINE\example_win32_directx11\EspLines\Math\Vector\Vector3.hpp(539,13): warning C4244: '=': conversion from 'double' to 'float', possible loss of data
  (compiling source file 'main.cpp')
  
C:\Users\Meherab\Desktop\BR MODE BY DEATH ENGINE\example_win32_directx11\EspLines\Math\Vector\Vector3.hpp(594,21): warning C4312: 'type cast': conversion from 'int' to 'const char *' of greater size
  (compiling source file 'main.cpp')
  
C:\Users\Meherab\Desktop\BR MODE BY DEATH ENGINE\example_win32_directx11\EspLines\Math\Vector\Vector3.hpp(595,21): warning C4312: 'type cast': conversion from 'int' to 'const char *' of greater size
  (compiling source file 'main.cpp')
  
C:\Users\Meherab\Desktop\BR MODE BY DEATH ENGINE\example_win32_directx11\EspLines\Math\Vector\Vector3.hpp(596,21): warning C4312: 'type cast': conversion from 'int' to 'const char *' of greater size
  (compiling source file 'main.cpp')
  
  Adb.cpp
C:\Users\Meherab\Desktop\BR MODE BY DEATH ENGINE\example_win32_directx11\src\adb\Adb.cpp(1,1): warning C4828: The file contains a character starting at offset 0xec8 that is not valid in the current source character set (codepage 65001).
C:\Users\Meherab\Desktop\BR MODE BY DEATH ENGINE\example_win32_directx11\src\adb\Adb.cpp(1,1): warning C4828: The file contains a character starting at offset 0x101f that is not valid in the current source character set (codepage 65001).
C:\Users\Meherab\Desktop\BR MODE BY DEATH ENGINE\example_win32_directx11\src\adb\Adb.cpp(1,1): warning C4828: The file contains a character starting at offset 0x1026 that is not valid in the current source character set (codepage 65001).
C:\Users\Meherab\Desktop\BR MODE BY DEATH ENGINE\example_win32_directx11\src\adb\Adb.cpp(100,34): warning C4876: incomplete or invalid multi-byte character in string literal. Use an escape sequence to preserve these byte values.
C:\Users\Meherab\Desktop\BR MODE BY DEATH ENGINE\example_win32_directx11\src\adb\Adb.cpp(110,22): warning C4876: incomplete or invalid multi-byte character in string literal. Use an escape sequence to preserve these byte values.
  adb_utils.cpp
C:\Users\Meherab\Desktop\BR MODE BY DEATH ENGINE\example_win32_directx11\ext\DirectX\Include\dxgitype.h(12,9): warning C4005: 'DXGI_STATUS_OCCLUDED': macro redefinition
  (compiling source file 'src/adb/adb_utils.cpp')
      C:\Program Files (x86)\Windows Kits\10\Include\10.0.26100.0\shared\winerror.h(59309,9):
      see previous definition of 'DXGI_STATUS_OCCLUDED'
  
C:\Users\Meherab\Desktop\BR MODE BY DEATH ENGINE\example_win32_directx11\ext\DirectX\Include\dxgitype.h(13,9): warning C4005: 'DXGI_STATUS_CLIPPED': macro redefinition
  (compiling source file 'src/adb/adb_utils.cpp')
      C:\Program Files (x86)\Windows Kits\10\Include\10.0.26100.0\shared\winerror.h(59318,9):
      see previous definition of 'DXGI_STATUS_CLIPPED'
  
C:\Users\Meherab\Desktop\BR MODE BY DEATH ENGINE\example_win32_directx11\ext\DirectX\Include\dxgitype.h(14,9): warning C4005: 'DXGI_STATUS_NO_REDIRECTION': macro redefinition
  (compiling source file 'src/adb/adb_utils.cpp')
      C:\Program Files (x86)\Windows Kits\10\Include\10.0.26100.0\shared\winerror.h(59327,9):
      see previous definition of 'DXGI_STATUS_NO_REDIRECTION'
  
C:\Users\Meherab\Desktop\BR MODE BY DEATH ENGINE\example_win32_directx11\ext\DirectX\Include\dxgitype.h(15,9): warning C4005: 'DXGI_STATUS_NO_DESKTOP_ACCESS': macro redefinition
  (compiling source file 'src/adb/adb_utils.cpp')
      C:\Program Files (x86)\Windows Kits\10\Include\10.0.26100.0\shared\winerror.h(59336,9):
      see previous definition of 'DXGI_STATUS_NO_DESKTOP_ACCESS'
  
C:\Users\Meherab\Desktop\BR MODE BY DEATH ENGINE\example_win32_directx11\ext\DirectX\Include\dxgitype.h(16,9): warning C4005: 'DXGI_STATUS_GRAPHICS_VIDPN_SOURCE_IN_USE': macro redefinition
  (compiling source file 'src/adb/adb_utils.cpp')
      C:\Program Files (x86)\Windows Kits\10\Include\10.0.26100.0\shared\winerror.h(59345,9):
      see previous definition of 'DXGI_STATUS_GRAPHICS_VIDPN_SOURCE_IN_USE'
  
C:\Users\Meherab\Desktop\BR MODE BY DEATH ENGINE\example_win32_directx11\ext\DirectX\Include\dxgitype.h(17,9): warning C4005: 'DXGI_STATUS_MODE_CHANGED': macro redefinition
  (compiling source file 'src/adb/adb_utils.cpp')
      C:\Program Files (x86)\Windows Kits\10\Include\10.0.26100.0\shared\winerror.h(59354,9):
      see previous definition of 'DXGI_STATUS_MODE_CHANGED'
  
C:\Users\Meherab\Desktop\BR MODE BY DEATH ENGINE\example_win32_directx11\ext\DirectX\Include\dxgitype.h(18,9): warning C4005: 'DXGI_STATUS_MODE_CHANGE_IN_PROGRESS': macro redefinition
  (compiling source file 'src/adb/adb_utils.cpp')
      C:\Program Files (x86)\Windows Kits\10\Include\10.0.26100.0\shared\winerror.h(59363,9):
      see previous definition of 'DXGI_STATUS_MODE_CHANGE_IN_PROGRESS'
  
C:\Users\Meherab\Desktop\BR MODE BY DEATH ENGINE\example_win32_directx11\ext\DirectX\Include\dxgitype.h(21,9): warning C4005: 'DXGI_ERROR_INVALID_CALL': macro redefinition
  (compiling source file 'src/adb/adb_utils.cpp')
      C:\Program Files (x86)\Windows Kits\10\Include\10.0.26100.0\shared\winerror.h(59378,9):
      see previous definition of 'DXGI_ERROR_INVALID_CALL'
  
C:\Users\Meherab\Desktop\BR MODE BY DEATH ENGINE\example_win32_directx11\ext\DirectX\Include\dxgitype.h(22,9): warning C4005: 'DXGI_ERROR_NOT_FOUND': macro redefinition
  (compiling source file 'src/adb/adb_utils.cpp')
      C:\Program Files (x86)\Windows Kits\10\Include\10.0.26100.0\shared\winerror.h(59387,9):
      see previous definition of 'DXGI_ERROR_NOT_FOUND'
  
C:\Users\Meherab\Desktop\BR MODE BY DEATH ENGINE\example_win32_directx11\ext\DirectX\Include\dxgitype.h(23,9): warning C4005: 'DXGI_ERROR_MORE_DATA': macro redefinition
  (compiling source file 'src/adb/adb_utils.cpp')
      C:\Program Files (x86)\Windows Kits\10\Include\10.0.26100.0\shared\winerror.h(59396,9):
      see previous definition of 'DXGI_ERROR_MORE_DATA'
  
C:\Users\Meherab\Desktop\BR MODE BY DEATH ENGINE\example_win32_directx11\ext\DirectX\Include\dxgitype.h(24,9): warning C4005: 'DXGI_ERROR_UNSUPPORTED': macro redefinition
  (compiling source file 'src/adb/adb_utils.cpp')
      C:\Program Files (x86)\Windows Kits\10\Include\10.0.26100.0\shared\winerror.h(59405,9):
      see previous definition of 'DXGI_ERROR_UNSUPPORTED'
  
C:\Users\Meherab\Desktop\BR MODE BY DEATH ENGINE\example_win32_directx11\ext\DirectX\Include\dxgitype.h(25,9): warning C4005: 'DXGI_ERROR_DEVICE_REMOVED': macro redefinition
  (compiling source file 'src/adb/adb_utils.cpp')
      C:\Program Files (x86)\Windows Kits\10\Include\10.0.26100.0\shared\winerror.h(59414,9):
      see previous definition of 'DXGI_ERROR_DEVICE_REMOVED'
  
C:\Users\Meherab\Desktop\BR MODE BY DEATH ENGINE\example_win32_directx11\ext\DirectX\Include\dxgitype.h(26,9): warning C4005: 'DXGI_ERROR_DEVICE_HUNG': macro redefinition
  (compiling source file 'src/adb/adb_utils.cpp')
      C:\Program Files (x86)\Windows Kits\10\Include\10.0.26100.0\shared\winerror.h(59423,9):
      see previous definition of 'DXGI_ERROR_DEVICE_HUNG'
  
C:\Users\Meherab\Desktop\BR MODE BY DEATH ENGINE\example_win32_directx11\ext\DirectX\Include\dxgitype.h(27,9): warning C4005: 'DXGI_ERROR_DEVICE_RESET': macro redefinition
  (compiling source file 'src/adb/adb_utils.cpp')
      C:\Program Files (x86)\Windows Kits\10\Include\10.0.26100.0\shared\winerror.h(59433,9):
      see previous definition of 'DXGI_ERROR_DEVICE_RESET'
  
C:\Users\Meherab\Desktop\BR MODE BY DEATH ENGINE\example_win32_directx11\ext\DirectX\Include\dxgitype.h(28,9): warning C4005: 'DXGI_ERROR_WAS_STILL_DRAWING': macro redefinition
  (compiling source file 'src/adb/adb_utils.cpp')
      C:\Program Files (x86)\Windows Kits\10\Include\10.0.26100.0\shared\winerror.h(59442,9):
      see previous definition of 'DXGI_ERROR_WAS_STILL_DRAWING'
  
C:\Users\Meherab\Desktop\BR MODE BY DEATH ENGINE\example_win32_directx11\ext\DirectX\Include\dxgitype.h(29,9): warning C4005: 'DXGI_ERROR_FRAME_STATISTICS_DISJOINT': macro redefinition
  (compiling source file 'src/adb/adb_utils.cpp')
      C:\Program Files (x86)\Windows Kits\10\Include\10.0.26100.0\shared\winerror.h(59452,9):
      see previous definition of 'DXGI_ERROR_FRAME_STATISTICS_DISJOINT'
  
C:\Users\Meherab\Desktop\BR MODE BY DEATH ENGINE\example_win32_directx11\ext\DirectX\Include\dxgitype.h(30,9): warning C4005: 'DXGI_ERROR_GRAPHICS_VIDPN_SOURCE_IN_USE': macro redefinition
  (compiling source file 'src/adb/adb_utils.cpp')
      C:\Program Files (x86)\Windows Kits\10\Include\10.0.26100.0\shared\winerror.h(59461,9):
      see previous definition of 'DXGI_ERROR_GRAPHICS_VIDPN_SOURCE_IN_USE'
  
C:\Users\Meherab\Desktop\BR MODE BY DEATH ENGINE\example_win32_directx11\ext\DirectX\Include\dxgitype.h(31,9): warning C4005: 'DXGI_ERROR_DRIVER_INTERNAL_ERROR': macro redefinition
  (compiling source file 'src/adb/adb_utils.cpp')
      C:\Program Files (x86)\Windows Kits\10\Include\10.0.26100.0\shared\winerror.h(59471,9):
      see previous definition of 'DXGI_ERROR_DRIVER_INTERNAL_ERROR'
  
C:\Users\Meherab\Desktop\BR MODE BY DEATH ENGINE\example_win32_directx11\ext\DirectX\Include\dxgitype.h(32,9): warning C4005: 'DXGI_ERROR_NONEXCLUSIVE': macro redefinition
  (compiling source file 'src/adb/adb_utils.cpp')
      C:\Program Files (x86)\Windows Kits\10\Include\10.0.26100.0\shared\winerror.h(59480,9):
      see previous definition of 'DXGI_ERROR_NONEXCLUSIVE'
  
C:\Users\Meherab\Desktop\BR MODE BY DEATH ENGINE\example_win32_directx11\ext\DirectX\Include\dxgitype.h(33,9): warning C4005: 'DXGI_ERROR_NOT_CURRENTLY_AVAILABLE': macro redefinition
  (compiling source file 'src/adb/adb_utils.cpp')
      C:\Program Files (x86)\Windows Kits\10\Include\10.0.26100.0\shared\winerror.h(59489,9):
      see previous definition of 'DXGI_ERROR_NOT_CURRENTLY_AVAILABLE'
  
C:\Users\Meherab\Desktop\BR MODE BY DEATH ENGINE\example_win32_directx11\ext\DirectX\Include\dxgitype.h(34,9): warning C4005: 'DXGI_ERROR_REMOTE_CLIENT_DISCONNECTED': macro redefinition
  (compiling source file 'src/adb/adb_utils.cpp')
      C:\Program Files (x86)\Windows Kits\10\Include\10.0.26100.0\shared\winerror.h(59499,9):
      see previous definition of 'DXGI_ERROR_REMOTE_CLIENT_DISCONNECTED'
  
C:\Users\Meherab\Desktop\BR MODE BY DEATH ENGINE\example_win32_directx11\ext\DirectX\Include\dxgitype.h(35,9): warning C4005: 'DXGI_ERROR_REMOTE_OUTOFMEMORY': macro redefinition
  (compiling source file 'src/adb/adb_utils.cpp')
      C:\Program Files (x86)\Windows Kits\10\Include\10.0.26100.0\shared\winerror.h(59508,9):
      see previous definition of 'DXGI_ERROR_REMOTE_OUTOFMEMORY'
  
  Compiling...
  FontsTwo.hpp
  Fonts.cpp
C:\Users\Meherab\Desktop\BR MODE BY DEATH ENGINE\example_win32_directx11\ext\DirectX\Include\dxgitype.h(12,9): warning C4005: 'DXGI_STATUS_OCCLUDED': macro redefinition
  (compiling source file 'src/Fonts/Fonts.cpp')
      C:\Program Files (x86)\Windows Kits\10\Include\10.0.26100.0\shared\winerror.h(59309,9):
      see previous definition of 'DXGI_STATUS_OCCLUDED'
  
C:\Users\Meherab\Desktop\BR MODE BY DEATH ENGINE\example_win32_directx11\ext\DirectX\Include\dxgitype.h(13,9): warning C4005: 'DXGI_STATUS_CLIPPED': macro redefinition
  (compiling source file 'src/Fonts/Fonts.cpp')
      C:\Program Files (x86)\Windows Kits\10\Include\10.0.26100.0\shared\winerror.h(59318,9):
      see previous definition of 'DXGI_STATUS_CLIPPED'
  
C:\Users\Meherab\Desktop\BR MODE BY DEATH ENGINE\example_win32_directx11\ext\DirectX\Include\dxgitype.h(14,9): warning C4005: 'DXGI_STATUS_NO_REDIRECTION': macro redefinition
  (compiling source file 'src/Fonts/Fonts.cpp')
      C:\Program Files (x86)\Windows Kits\10\Include\10.0.26100.0\shared\winerror.h(59327,9):
      see previous definition of 'DXGI_STATUS_NO_REDIRECTION'
  
C:\Users\Meherab\Desktop\BR MODE BY DEATH ENGINE\example_win32_directx11\ext\DirectX\Include\dxgitype.h(15,9): warning C4005: 'DXGI_STATUS_NO_DESKTOP_ACCESS': macro redefinition
  (compiling source file 'src/Fonts/Fonts.cpp')
      C:\Program Files (x86)\Windows Kits\10\Include\10.0.26100.0\shared\winerror.h(59336,9):
      see previous definition of 'DXGI_STATUS_NO_DESKTOP_ACCESS'
  
C:\Users\Meherab\Desktop\BR MODE BY DEATH ENGINE\example_win32_directx11\ext\DirectX\Include\dxgitype.h(16,9): warning C4005: 'DXGI_STATUS_GRAPHICS_VIDPN_SOURCE_IN_USE': macro redefinition
  (compiling source file 'src/Fonts/Fonts.cpp')
      C:\Program Files (x86)\Windows Kits\10\Include\10.0.26100.0\shared\winerror.h(59345,9):
      see previous definition of 'DXGI_STATUS_GRAPHICS_VIDPN_SOURCE_IN_USE'
  
C:\Users\Meherab\Desktop\BR MODE BY DEATH ENGINE\example_win32_directx11\ext\DirectX\Include\dxgitype.h(17,9): warning C4005: 'DXGI_STATUS_MODE_CHANGED': macro redefinition
  (compiling source file 'src/Fonts/Fonts.cpp')
      C:\Program Files (x86)\Windows Kits\10\Include\10.0.26100.0\shared\winerror.h(59354,9):
      see previous definition of 'DXGI_STATUS_MODE_CHANGED'
  
C:\Users\Meherab\Desktop\BR MODE BY DEATH ENGINE\example_win32_directx11\ext\DirectX\Include\dxgitype.h(18,9): warning C4005: 'DXGI_STATUS_MODE_CHANGE_IN_PROGRESS': macro redefinition
  (compiling source file 'src/Fonts/Fonts.cpp')
      C:\Program Files (x86)\Windows Kits\10\Include\10.0.26100.0\shared\winerror.h(59363,9):
      see previous definition of 'DXGI_STATUS_MODE_CHANGE_IN_PROGRESS'
  
C:\Users\Meherab\Desktop\BR MODE BY DEATH ENGINE\example_win32_directx11\ext\DirectX\Include\dxgitype.h(21,9): warning C4005: 'DXGI_ERROR_INVALID_CALL': macro redefinition
  (compiling source file 'src/Fonts/Fonts.cpp')
      C:\Program Files (x86)\Windows Kits\10\Include\10.0.26100.0\shared\winerror.h(59378,9):
      see previous definition of 'DXGI_ERROR_INVALID_CALL'
  
C:\Users\Meherab\Desktop\BR MODE BY DEATH ENGINE\example_win32_directx11\ext\DirectX\Include\dxgitype.h(22,9): warning C4005: 'DXGI_ERROR_NOT_FOUND': macro redefinition
  (compiling source file 'src/Fonts/Fonts.cpp')
      C:\Program Files (x86)\Windows Kits\10\Include\10.0.26100.0\shared\winerror.h(59387,9):
      see previous definition of 'DXGI_ERROR_NOT_FOUND'
  
C:\Users\Meherab\Desktop\BR MODE BY DEATH ENGINE\example_win32_directx11\ext\DirectX\Include\dxgitype.h(23,9): warning C4005: 'DXGI_ERROR_MORE_DATA': macro redefinition
  (compiling source file 'src/Fonts/Fonts.cpp')
      C:\Program Files (x86)\Windows Kits\10\Include\10.0.26100.0\shared\winerror.h(59396,9):
      see previous definition of 'DXGI_ERROR_MORE_DATA'
  
C:\Users\Meherab\Desktop\BR MODE BY DEATH ENGINE\example_win32_directx11\ext\DirectX\Include\dxgitype.h(24,9): warning C4005: 'DXGI_ERROR_UNSUPPORTED': macro redefinition
  (compiling source file 'src/Fonts/Fonts.cpp')
      C:\Program Files (x86)\Windows Kits\10\Include\10.0.26100.0\shared\winerror.h(59405,9):
      see previous definition of 'DXGI_ERROR_UNSUPPORTED'
  
C:\Users\Meherab\Desktop\BR MODE BY DEATH ENGINE\example_win32_directx11\ext\DirectX\Include\dxgitype.h(25,9): warning C4005: 'DXGI_ERROR_DEVICE_REMOVED': macro redefinition
  (compiling source file 'src/Fonts/Fonts.cpp')
      C:\Program Files (x86)\Windows Kits\10\Include\10.0.26100.0\shared\winerror.h(59414,9):
      see previous definition of 'DXGI_ERROR_DEVICE_REMOVED'
  
C:\Users\Meherab\Desktop\BR MODE BY DEATH ENGINE\example_win32_directx11\ext\DirectX\Include\dxgitype.h(26,9): warning C4005: 'DXGI_ERROR_DEVICE_HUNG': macro redefinition
  (compiling source file 'src/Fonts/Fonts.cpp')
      C:\Program Files (x86)\Windows Kits\10\Include\10.0.26100.0\shared\winerror.h(59423,9):
      see previous definition of 'DXGI_ERROR_DEVICE_HUNG'
  
C:\Users\Meherab\Desktop\BR MODE BY DEATH ENGINE\example_win32_directx11\ext\DirectX\Include\dxgitype.h(27,9): warning C4005: 'DXGI_ERROR_DEVICE_RESET': macro redefinition
  (compiling source file 'src/Fonts/Fonts.cpp')
      C:\Program Files (x86)\Windows Kits\10\Include\10.0.26100.0\shared\winerror.h(59433,9):
      see previous definition of 'DXGI_ERROR_DEVICE_RESET'
  
C:\Users\Meherab\Desktop\BR MODE BY DEATH ENGINE\example_win32_directx11\ext\DirectX\Include\dxgitype.h(28,9): warning C4005: 'DXGI_ERROR_WAS_STILL_DRAWING': macro redefinition
  (compiling source file 'src/Fonts/Fonts.cpp')
      C:\Program Files (x86)\Windows Kits\10\Include\10.0.26100.0\shared\winerror.h(59442,9):
      see previous definition of 'DXGI_ERROR_WAS_STILL_DRAWING'
  
C:\Users\Meherab\Desktop\BR MODE BY DEATH ENGINE\example_win32_directx11\ext\DirectX\Include\dxgitype.h(29,9): warning C4005: 'DXGI_ERROR_FRAME_STATISTICS_DISJOINT': macro redefinition
  (compiling source file 'src/Fonts/Fonts.cpp')
      C:\Program Files (x86)\Windows Kits\10\Include\10.0.26100.0\shared\winerror.h(59452,9):
      see previous definition of 'DXGI_ERROR_FRAME_STATISTICS_DISJOINT'
  
C:\Users\Meherab\Desktop\BR MODE BY DEATH ENGINE\example_win32_directx11\ext\DirectX\Include\dxgitype.h(30,9): warning C4005: 'DXGI_ERROR_GRAPHICS_VIDPN_SOURCE_IN_USE': macro redefinition
  (compiling source file 'src/Fonts/Fonts.cpp')
      C:\Program Files (x86)\Windows Kits\10\Include\10.0.26100.0\shared\winerror.h(59461,9):
      see previous definition of 'DXGI_ERROR_GRAPHICS_VIDPN_SOURCE_IN_USE'
  
C:\Users\Meherab\Desktop\BR MODE BY DEATH ENGINE\example_win32_directx11\ext\DirectX\Include\dxgitype.h(31,9): warning C4005: 'DXGI_ERROR_DRIVER_INTERNAL_ERROR': macro redefinition
  (compiling source file 'src/Fonts/Fonts.cpp')
      C:\Program Files (x86)\Windows Kits\10\Include\10.0.26100.0\shared\winerror.h(59471,9):
      see previous definition of 'DXGI_ERROR_DRIVER_INTERNAL_ERROR'
  
C:\Users\Meherab\Desktop\BR MODE BY DEATH ENGINE\example_win32_directx11\ext\DirectX\Include\dxgitype.h(32,9): warning C4005: 'DXGI_ERROR_NONEXCLUSIVE': macro redefinition
  (compiling source file 'src/Fonts/Fonts.cpp')
      C:\Program Files (x86)\Windows Kits\10\Include\10.0.26100.0\shared\winerror.h(59480,9):
      see previous definition of 'DXGI_ERROR_NONEXCLUSIVE'
  
C:\Users\Meherab\Desktop\BR MODE BY DEATH ENGINE\example_win32_directx11\ext\DirectX\Include\dxgitype.h(33,9): warning C4005: 'DXGI_ERROR_NOT_CURRENTLY_AVAILABLE': macro redefinition
  (compiling source file 'src/Fonts/Fonts.cpp')
      C:\Program Files (x86)\Windows Kits\10\Include\10.0.26100.0\shared\winerror.h(59489,9):
      see previous definition of 'DXGI_ERROR_NOT_CURRENTLY_AVAILABLE'
  
C:\Users\Meherab\Desktop\BR MODE BY DEATH ENGINE\example_win32_directx11\ext\DirectX\Include\dxgitype.h(34,9): warning C4005: 'DXGI_ERROR_REMOTE_CLIENT_DISCONNECTED': macro redefinition
  (compiling source file 'src/Fonts/Fonts.cpp')
      C:\Program Files (x86)\Windows Kits\10\Include\10.0.26100.0\shared\winerror.h(59499,9):
      see previous definition of 'DXGI_ERROR_REMOTE_CLIENT_DISCONNECTED'
  
C:\Users\Meherab\Desktop\BR MODE BY DEATH ENGINE\example_win32_directx11\ext\DirectX\Include\dxgitype.h(35,9): warning C4005: 'DXGI_ERROR_REMOTE_OUTOFMEMORY': macro redefinition
  (compiling source file 'src/Fonts/Fonts.cpp')
      C:\Program Files (x86)\Windows Kits\10\Include\10.0.26100.0\shared\winerror.h(59508,9):
      see previous definition of 'DXGI_ERROR_REMOTE_OUTOFMEMORY'
  
C:\Users\Meherab\Desktop\BR MODE BY DEATH ENGINE\example_win32_directx11\ext\DirectX\Include\d3d11.h(917,9): warning C4005: 'D3D11_ERROR_TOO_MANY_UNIQUE_STATE_OBJECTS': macro redefinition
  (compiling source file 'src/Fonts/Fonts.cpp')
      C:\Program Files (x86)\Windows Kits\10\Include\10.0.26100.0\shared\winerror.h(59823,9):
      see previous definition of 'D3D11_ERROR_TOO_MANY_UNIQUE_STATE_OBJECTS'
  
C:\Users\Meherab\Desktop\BR MODE BY DEATH ENGINE\example_win32_directx11\ext\DirectX\Include\d3d11.h(918,9): warning C4005: 'D3D11_ERROR_FILE_NOT_FOUND': macro redefinition
  (compiling source file 'src/Fonts/Fonts.cpp')
      C:\Program Files (x86)\Windows Kits\10\Include\10.0.26100.0\shared\winerror.h(59832,9):
      see previous definition of 'D3D11_ERROR_FILE_NOT_FOUND'
  
C:\Users\Meherab\Desktop\BR MODE BY DEATH ENGINE\example_win32_directx11\ext\DirectX\Include\d3d11.h(919,9): warning C4005: 'D3D11_ERROR_TOO_MANY_UNIQUE_VIEW_OBJECTS': macro redefinition
  (compiling source file 'src/Fonts/Fonts.cpp')
      C:\Program Files (x86)\Windows Kits\10\Include\10.0.26100.0\shared\winerror.h(59842,9):
      see previous definition of 'D3D11_ERROR_TOO_MANY_UNIQUE_VIEW_OBJECTS'
  
C:\Users\Meherab\Desktop\BR MODE BY DEATH ENGINE\example_win32_directx11\ext\DirectX\Include\d3d11.h(920,9): warning C4005: 'D3D11_ERROR_DEFERRED_CONTEXT_MAP_WITHOUT_INITIAL_DISCARD': macro redefinition
  (compiling source file 'src/Fonts/Fonts.cpp')
      C:\Program Files (x86)\Windows Kits\10\Include\10.0.26100.0\shared\winerror.h(59851,9):
      see previous definition of 'D3D11_ERROR_DEFERRED_CONTEXT_MAP_WITHOUT_INITIAL_DISCARD'
  
C:\Users\Meherab\Desktop\BR MODE BY DEATH ENGINE\example_win32_directx11\ext\DirectX\Include\d3d10.h(608,9): warning C4005: 'D3D10_ERROR_TOO_MANY_UNIQUE_STATE_OBJECTS': macro redefinition
  (compiling source file 'src/Fonts/Fonts.cpp')
      C:\Program Files (x86)\Windows Kits\10\Include\10.0.26100.0\shared\winerror.h(59799,9):
      see previous definition of 'D3D10_ERROR_TOO_MANY_UNIQUE_STATE_OBJECTS'
  
C:\Users\Meherab\Desktop\BR MODE BY DEATH ENGINE\example_win32_directx11\ext\DirectX\Include\d3d10.h(609,9): warning C4005: 'D3D10_ERROR_FILE_NOT_FOUND': macro redefinition
  (compiling source file 'src/Fonts/Fonts.cpp')
      C:\Program Files (x86)\Windows Kits\10\Include\10.0.26100.0\shared\winerror.h(59808,9):
      see previous definition of 'D3D10_ERROR_FILE_NOT_FOUND'
  
  Overlay.cpp
C:\Users\Meherab\Desktop\BR MODE BY DEATH ENGINE\example_win32_directx11\ext\DirectX\Include\dxgitype.h(12,9): warning C4005: 'DXGI_STATUS_OCCLUDED': macro redefinition
  (compiling source file 'src/Overlay/Overlay.cpp')
      C:\Program Files (x86)\Windows Kits\10\Include\10.0.26100.0\shared\winerror.h(59309,9):
      see previous definition of 'DXGI_STATUS_OCCLUDED'
  
C:\Users\Meherab\Desktop\BR MODE BY DEATH ENGINE\example_win32_directx11\ext\DirectX\Include\dxgitype.h(13,9): warning C4005: 'DXGI_STATUS_CLIPPED': macro redefinition
  (compiling source file 'src/Overlay/Overlay.cpp')
      C:\Program Files (x86)\Windows Kits\10\Include\10.0.26100.0\shared\winerror.h(59318,9):
      see previous definition of 'DXGI_STATUS_CLIPPED'
  
C:\Users\Meherab\Desktop\BR MODE BY DEATH ENGINE\example_win32_directx11\ext\DirectX\Include\dxgitype.h(14,9): warning C4005: 'DXGI_STATUS_NO_REDIRECTION': macro redefinition
  (compiling source file 'src/Overlay/Overlay.cpp')
      C:\Program Files (x86)\Windows Kits\10\Include\10.0.26100.0\shared\winerror.h(59327,9):
      see previous definition of 'DXGI_STATUS_NO_REDIRECTION'
  
C:\Users\Meherab\Desktop\BR MODE BY DEATH ENGINE\example_win32_directx11\ext\DirectX\Include\dxgitype.h(15,9): warning C4005: 'DXGI_STATUS_NO_DESKTOP_ACCESS': macro redefinition
  (compiling source file 'src/Overlay/Overlay.cpp')
      C:\Program Files (x86)\Windows Kits\10\Include\10.0.26100.0\shared\winerror.h(59336,9):
      see previous definition of 'DXGI_STATUS_NO_DESKTOP_ACCESS'
  
C:\Users\Meherab\Desktop\BR MODE BY DEATH ENGINE\example_win32_directx11\ext\DirectX\Include\dxgitype.h(16,9): warning C4005: 'DXGI_STATUS_GRAPHICS_VIDPN_SOURCE_IN_USE': macro redefinition
  (compiling source file 'src/Overlay/Overlay.cpp')
      C:\Program Files (x86)\Windows Kits\10\Include\10.0.26100.0\shared\winerror.h(59345,9):
      see previous definition of 'DXGI_STATUS_GRAPHICS_VIDPN_SOURCE_IN_USE'
  
C:\Users\Meherab\Desktop\BR MODE BY DEATH ENGINE\example_win32_directx11\ext\DirectX\Include\dxgitype.h(17,9): warning C4005: 'DXGI_STATUS_MODE_CHANGED': macro redefinition
  (compiling source file 'src/Overlay/Overlay.cpp')
      C:\Program Files (x86)\Windows Kits\10\Include\10.0.26100.0\shared\winerror.h(59354,9):
      see previous definition of 'DXGI_STATUS_MODE_CHANGED'
  
C:\Users\Meherab\Desktop\BR MODE BY DEATH ENGINE\example_win32_directx11\ext\DirectX\Include\dxgitype.h(18,9): warning C4005: 'DXGI_STATUS_MODE_CHANGE_IN_PROGRESS': macro redefinition
  (compiling source file 'src/Overlay/Overlay.cpp')
      C:\Program Files (x86)\Windows Kits\10\Include\10.0.26100.0\shared\winerror.h(59363,9):
      see previous definition of 'DXGI_STATUS_MODE_CHANGE_IN_PROGRESS'
  
C:\Users\Meherab\Desktop\BR MODE BY DEATH ENGINE\example_win32_directx11\ext\DirectX\Include\dxgitype.h(21,9): warning C4005: 'DXGI_ERROR_INVALID_CALL': macro redefinition
  (compiling source file 'src/Overlay/Overlay.cpp')
      C:\Program Files (x86)\Windows Kits\10\Include\10.0.26100.0\shared\winerror.h(59378,9):
      see previous definition of 'DXGI_ERROR_INVALID_CALL'
  
C:\Users\Meherab\Desktop\BR MODE BY DEATH ENGINE\example_win32_directx11\ext\DirectX\Include\dxgitype.h(22,9): warning C4005: 'DXGI_ERROR_NOT_FOUND': macro redefinition
  (compiling source file 'src/Overlay/Overlay.cpp')
      C:\Program Files (x86)\Windows Kits\10\Include\10.0.26100.0\shared\winerror.h(59387,9):
      see previous definition of 'DXGI_ERROR_NOT_FOUND'
  
C:\Users\Meherab\Desktop\BR MODE BY DEATH ENGINE\example_win32_directx11\ext\DirectX\Include\dxgitype.h(23,9): warning C4005: 'DXGI_ERROR_MORE_DATA': macro redefinition
  (compiling source file 'src/Overlay/Overlay.cpp')
      C:\Program Files (x86)\Windows Kits\10\Include\10.0.26100.0\shared\winerror.h(59396,9):
      see previous definition of 'DXGI_ERROR_MORE_DATA'
  
C:\Users\Meherab\Desktop\BR MODE BY DEATH ENGINE\example_win32_directx11\ext\DirectX\Include\dxgitype.h(24,9): warning C4005: 'DXGI_ERROR_UNSUPPORTED': macro redefinition
  (compiling source file 'src/Overlay/Overlay.cpp')
      C:\Program Files (x86)\Windows Kits\10\Include\10.0.26100.0\shared\winerror.h(59405,9):
      see previous definition of 'DXGI_ERROR_UNSUPPORTED'
  
C:\Users\Meherab\Desktop\BR MODE BY DEATH ENGINE\example_win32_directx11\ext\DirectX\Include\dxgitype.h(25,9): warning C4005: 'DXGI_ERROR_DEVICE_REMOVED': macro redefinition
  (compiling source file 'src/Overlay/Overlay.cpp')
      C:\Program Files (x86)\Windows Kits\10\Include\10.0.26100.0\shared\winerror.h(59414,9):
      see previous definition of 'DXGI_ERROR_DEVICE_REMOVED'
  
C:\Users\Meherab\Desktop\BR MODE BY DEATH ENGINE\example_win32_directx11\ext\DirectX\Include\dxgitype.h(26,9): warning C4005: 'DXGI_ERROR_DEVICE_HUNG': macro redefinition
  (compiling source file 'src/Overlay/Overlay.cpp')
      C:\Program Files (x86)\Windows Kits\10\Include\10.0.26100.0\shared\winerror.h(59423,9):
      see previous definition of 'DXGI_ERROR_DEVICE_HUNG'
  
C:\Users\Meherab\Desktop\BR MODE BY DEATH ENGINE\example_win32_directx11\ext\DirectX\Include\dxgitype.h(27,9): warning C4005: 'DXGI_ERROR_DEVICE_RESET': macro redefinition
  (compiling source file 'src/Overlay/Overlay.cpp')
      C:\Program Files (x86)\Windows Kits\10\Include\10.0.26100.0\shared\winerror.h(59433,9):
      see previous definition of 'DXGI_ERROR_DEVICE_RESET'
  
C:\Users\Meherab\Desktop\BR MODE BY DEATH ENGINE\example_win32_directx11\ext\DirectX\Include\dxgitype.h(28,9): warning C4005: 'DXGI_ERROR_WAS_STILL_DRAWING': macro redefinition
  (compiling source file 'src/Overlay/Overlay.cpp')
      C:\Program Files (x86)\Windows Kits\10\Include\10.0.26100.0\shared\winerror.h(59442,9):
      see previous definition of 'DXGI_ERROR_WAS_STILL_DRAWING'
  
C:\Users\Meherab\Desktop\BR MODE BY DEATH ENGINE\example_win32_directx11\ext\DirectX\Include\dxgitype.h(29,9): warning C4005: 'DXGI_ERROR_FRAME_STATISTICS_DISJOINT': macro redefinition
  (compiling source file 'src/Overlay/Overlay.cpp')
      C:\Program Files (x86)\Windows Kits\10\Include\10.0.26100.0\shared\winerror.h(59452,9):
      see previous definition of 'DXGI_ERROR_FRAME_STATISTICS_DISJOINT'
  
C:\Users\Meherab\Desktop\BR MODE BY DEATH ENGINE\example_win32_directx11\ext\DirectX\Include\dxgitype.h(30,9): warning C4005: 'DXGI_ERROR_GRAPHICS_VIDPN_SOURCE_IN_USE': macro redefinition
  (compiling source file 'src/Overlay/Overlay.cpp')
      C:\Program Files (x86)\Windows Kits\10\Include\10.0.26100.0\shared\winerror.h(59461,9):
      see previous definition of 'DXGI_ERROR_GRAPHICS_VIDPN_SOURCE_IN_USE'
  
C:\Users\Meherab\Desktop\BR MODE BY DEATH ENGINE\example_win32_directx11\ext\DirectX\Include\dxgitype.h(31,9): warning C4005: 'DXGI_ERROR_DRIVER_INTERNAL_ERROR': macro redefinition
  (compiling source file 'src/Overlay/Overlay.cpp')
      C:\Program Files (x86)\Windows Kits\10\Include\10.0.26100.0\shared\winerror.h(59471,9):
      see previous definition of 'DXGI_ERROR_DRIVER_INTERNAL_ERROR'
  
C:\Users\Meherab\Desktop\BR MODE BY DEATH ENGINE\example_win32_directx11\ext\DirectX\Include\dxgitype.h(32,9): warning C4005: 'DXGI_ERROR_NONEXCLUSIVE': macro redefinition
  (compiling source file 'src/Overlay/Overlay.cpp')
      C:\Program Files (x86)\Windows Kits\10\Include\10.0.26100.0\shared\winerror.h(59480,9):
      see previous definition of 'DXGI_ERROR_NONEXCLUSIVE'
  
C:\Users\Meherab\Desktop\BR MODE BY DEATH ENGINE\example_win32_directx11\ext\DirectX\Include\dxgitype.h(33,9): warning C4005: 'DXGI_ERROR_NOT_CURRENTLY_AVAILABLE': macro redefinition
  (compiling source file 'src/Overlay/Overlay.cpp')
      C:\Program Files (x86)\Windows Kits\10\Include\10.0.26100.0\shared\winerror.h(59489,9):
      see previous definition of 'DXGI_ERROR_NOT_CURRENTLY_AVAILABLE'
  
C:\Users\Meherab\Desktop\BR MODE BY DEATH ENGINE\example_win32_directx11\ext\DirectX\Include\dxgitype.h(34,9): warning C4005: 'DXGI_ERROR_REMOTE_CLIENT_DISCONNECTED': macro redefinition
  (compiling source file 'src/Overlay/Overlay.cpp')
      C:\Program Files (x86)\Windows Kits\10\Include\10.0.26100.0\shared\winerror.h(59499,9):
      see previous definition of 'DXGI_ERROR_REMOTE_CLIENT_DISCONNECTED'
  
C:\Users\Meherab\Desktop\BR MODE BY DEATH ENGINE\example_win32_directx11\ext\DirectX\Include\dxgitype.h(35,9): warning C4005: 'DXGI_ERROR_REMOTE_OUTOFMEMORY': macro redefinition
  (compiling source file 'src/Overlay/Overlay.cpp')
      C:\Program Files (x86)\Windows Kits\10\Include\10.0.26100.0\shared\winerror.h(59508,9):
      see previous definition of 'DXGI_ERROR_REMOTE_OUTOFMEMORY'
  
C:\Users\Meherab\Desktop\BR MODE BY DEATH ENGINE\example_win32_directx11\ext\DirectX\Include\d3d11.h(917,9): warning C4005: 'D3D11_ERROR_TOO_MANY_UNIQUE_STATE_OBJECTS': macro redefinition
  (compiling source file 'src/Overlay/Overlay.cpp')
      C:\Program Files (x86)\Windows Kits\10\Include\10.0.26100.0\shared\winerror.h(59823,9):
      see previous definition of 'D3D11_ERROR_TOO_MANY_UNIQUE_STATE_OBJECTS'
  
C:\Users\Meherab\Desktop\BR MODE BY DEATH ENGINE\example_win32_directx11\ext\DirectX\Include\d3d11.h(918,9): warning C4005: 'D3D11_ERROR_FILE_NOT_FOUND': macro redefinition
  (compiling source file 'src/Overlay/Overlay.cpp')
      C:\Program Files (x86)\Windows Kits\10\Include\10.0.26100.0\shared\winerror.h(59832,9):
      see previous definition of 'D3D11_ERROR_FILE_NOT_FOUND'
  
C:\Users\Meherab\Desktop\BR MODE BY DEATH ENGINE\example_win32_directx11\ext\DirectX\Include\d3d11.h(919,9): warning C4005: 'D3D11_ERROR_TOO_MANY_UNIQUE_VIEW_OBJECTS': macro redefinition
  (compiling source file 'src/Overlay/Overlay.cpp')
      C:\Program Files (x86)\Windows Kits\10\Include\10.0.26100.0\shared\winerror.h(59842,9):
      see previous definition of 'D3D11_ERROR_TOO_MANY_UNIQUE_VIEW_OBJECTS'
  
C:\Users\Meherab\Desktop\BR MODE BY DEATH ENGINE\example_win32_directx11\ext\DirectX\Include\d3d11.h(920,9): warning C4005: 'D3D11_ERROR_DEFERRED_CONTEXT_MAP_WITHOUT_INITIAL_DISCARD': macro redefinition
  (compiling source file 'src/Overlay/Overlay.cpp')
      C:\Program Files (x86)\Windows Kits\10\Include\10.0.26100.0\shared\winerror.h(59851,9):
      see previous definition of 'D3D11_ERROR_DEFERRED_CONTEXT_MAP_WITHOUT_INITIAL_DISCARD'
  
C:\Users\Meherab\Desktop\BR MODE BY DEATH ENGINE\example_win32_directx11\ext\DirectX\Include\d3d10.h(608,9): warning C4005: 'D3D10_ERROR_TOO_MANY_UNIQUE_STATE_OBJECTS': macro redefinition
  (compiling source file 'src/Overlay/Overlay.cpp')
      C:\Program Files (x86)\Windows Kits\10\Include\10.0.26100.0\shared\winerror.h(59799,9):
      see previous definition of 'D3D10_ERROR_TOO_MANY_UNIQUE_STATE_OBJECTS'
  
C:\Users\Meherab\Desktop\BR MODE BY DEATH ENGINE\example_win32_directx11\ext\DirectX\Include\d3d10.h(609,9): warning C4005: 'D3D10_ERROR_FILE_NOT_FOUND': macro redefinition
  (compiling source file 'src/Overlay/Overlay.cpp')
      C:\Program Files (x86)\Windows Kits\10\Include\10.0.26100.0\shared\winerror.h(59808,9):
      see previous definition of 'D3D10_ERROR_FILE_NOT_FOUND'
  
C:\Users\Meherab\Desktop\BR MODE BY DEATH ENGINE\example_win32_directx11\EspLines\Math\Vector\Vector3.hpp(11,9): warning C4201: nonstandard extension used: nameless struct/union
  (compiling source file 'src/Overlay/Overlay.cpp')
  
C:\Users\Meherab\Desktop\BR MODE BY DEATH ENGINE\example_win32_directx11\EspLines\Math\Vector\Vector3.hpp(339,13): warning C4244: '=': conversion from 'double' to 'float', possible loss of data
  (compiling source file 'src/Overlay/Overlay.cpp')
  
C:\Users\Meherab\Desktop\BR MODE BY DEATH ENGINE\example_win32_directx11\EspLines\Math\Vector\Vector3.hpp(340,13): warning C4244: '=': conversion from 'double' to 'float', possible loss of data
  (compiling source file 'src/Overlay/Overlay.cpp')
  
C:\Users\Meherab\Desktop\BR MODE BY DEATH ENGINE\example_win32_directx11\EspLines\Math\Vector\Vector3.hpp(492,72): warning C4305: 'argument': truncation from 'double' to 'float'
  (compiling source file 'src/Overlay/Overlay.cpp')
  
C:\Users\Meherab\Desktop\BR MODE BY DEATH ENGINE\example_win32_directx11\EspLines\Math\Vector\Vector3.hpp(492,66): warning C4305: 'argument': truncation from 'double' to 'float'
  (compiling source file 'src/Overlay/Overlay.cpp')
  
C:\Users\Meherab\Desktop\BR MODE BY DEATH ENGINE\example_win32_directx11\EspLines\Math\Vector\Vector3.hpp(492,60): warning C4305: 'argument': truncation from 'double' to 'float'
  (compiling source file 'src/Overlay/Overlay.cpp')
  
C:\Users\Meherab\Desktop\BR MODE BY DEATH ENGINE\example_win32_directx11\EspLines\Math\Vector\Vector3.hpp(520,15): warning C4244: '=': conversion from 'double' to 'float', possible loss of data
  (compiling source file 'src/Overlay/Overlay.cpp')
  
C:\Users\Meherab\Desktop\BR MODE BY DEATH ENGINE\example_win32_directx11\EspLines\Math\Vector\Vector3.hpp(521,15): warning C4244: '=': conversion from 'double' to 'float', possible loss of data
  (compiling source file 'src/Overlay/Overlay.cpp')
  
C:\Users\Meherab\Desktop\BR MODE BY DEATH ENGINE\example_win32_directx11\EspLines\Math\Vector\Vector3.hpp(538,13): warning C4244: '=': conversion from 'double' to 'float', possible loss of data
  (compiling source file 'src/Overlay/Overlay.cpp')
  
C:\Users\Meherab\Desktop\BR MODE BY DEATH ENGINE\example_win32_directx11\EspLines\Math\Vector\Vector3.hpp(539,13): warning C4244: '=': conversion from 'double' to 'float', possible loss of data
  (compiling source file 'src/Overlay/Overlay.cpp')
  
C:\Users\Meherab\Desktop\BR MODE BY DEATH ENGINE\example_win32_directx11\EspLines\Math\Vector\Vector3.hpp(594,21): warning C4312: 'type cast': conversion from 'int' to 'const char *' of greater size
  (compiling source file 'src/Overlay/Overlay.cpp')
  
C:\Users\Meherab\Desktop\BR MODE BY DEATH ENGINE\example_win32_directx11\EspLines\Math\Vector\Vector3.hpp(595,21): warning C4312: 'type cast': conversion from 'int' to 'const char *' of greater size
  (compiling source file 'src/Overlay/Overlay.cpp')
  
C:\Users\Meherab\Desktop\BR MODE BY DEATH ENGINE\example_win32_directx11\EspLines\Math\Vector\Vector3.hpp(596,21): warning C4312: 'type cast': conversion from 'int' to 'const char *' of greater size
  (compiling source file 'src/Overlay/Overlay.cpp')
  
  Render.cpp
C:\Users\Meherab\Desktop\BR MODE BY DEATH ENGINE\example_win32_directx11\src\Overlay\Render.cpp(41,65): warning C4100: 'lParam': unreferenced parameter
  ui.cpp
C:\Users\Meherab\Desktop\BR MODE BY DEATH ENGINE\example_win32_directx11\ext\DirectX\Include\dxgitype.h(12,9): warning C4005: 'DXGI_STATUS_OCCLUDED': macro redefinition
  (compiling source file 'src/ui/ui.cpp')
      C:\Program Files (x86)\Windows Kits\10\Include\10.0.26100.0\shared\winerror.h(59309,9):
      see previous definition of 'DXGI_STATUS_OCCLUDED'
  
C:\Users\Meherab\Desktop\BR MODE BY DEATH ENGINE\example_win32_directx11\ext\DirectX\Include\dxgitype.h(13,9): warning C4005: 'DXGI_STATUS_CLIPPED': macro redefinition
  (compiling source file 'src/ui/ui.cpp')
      C:\Program Files (x86)\Windows Kits\10\Include\10.0.26100.0\shared\winerror.h(59318,9):
      see previous definition of 'DXGI_STATUS_CLIPPED'
  
C:\Users\Meherab\Desktop\BR MODE BY DEATH ENGINE\example_win32_directx11\ext\DirectX\Include\dxgitype.h(14,9): warning C4005: 'DXGI_STATUS_NO_REDIRECTION': macro redefinition
  (compiling source file 'src/ui/ui.cpp')
      C:\Program Files (x86)\Windows Kits\10\Include\10.0.26100.0\shared\winerror.h(59327,9):
      see previous definition of 'DXGI_STATUS_NO_REDIRECTION'
  
C:\Users\Meherab\Desktop\BR MODE BY DEATH ENGINE\example_win32_directx11\ext\DirectX\Include\dxgitype.h(15,9): warning C4005: 'DXGI_STATUS_NO_DESKTOP_ACCESS': macro redefinition
  (compiling source file 'src/ui/ui.cpp')
      C:\Program Files (x86)\Windows Kits\10\Include\10.0.26100.0\shared\winerror.h(59336,9):
      see previous definition of 'DXGI_STATUS_NO_DESKTOP_ACCESS'
  
C:\Users\Meherab\Desktop\BR MODE BY DEATH ENGINE\example_win32_directx11\ext\DirectX\Include\dxgitype.h(16,9): warning C4005: 'DXGI_STATUS_GRAPHICS_VIDPN_SOURCE_IN_USE': macro redefinition
  (compiling source file 'src/ui/ui.cpp')
      C:\Program Files (x86)\Windows Kits\10\Include\10.0.26100.0\shared\winerror.h(59345,9):
      see previous definition of 'DXGI_STATUS_GRAPHICS_VIDPN_SOURCE_IN_USE'
  
C:\Users\Meherab\Desktop\BR MODE BY DEATH ENGINE\example_win32_directx11\ext\DirectX\Include\dxgitype.h(17,9): warning C4005: 'DXGI_STATUS_MODE_CHANGED': macro redefinition
  (compiling source file 'src/ui/ui.cpp')
      C:\Program Files (x86)\Windows Kits\10\Include\10.0.26100.0\shared\winerror.h(59354,9):
      see previous definition of 'DXGI_STATUS_MODE_CHANGED'
  
C:\Users\Meherab\Desktop\BR MODE BY DEATH ENGINE\example_win32_directx11\ext\DirectX\Include\dxgitype.h(18,9): warning C4005: 'DXGI_STATUS_MODE_CHANGE_IN_PROGRESS': macro redefinition
  (compiling source file 'src/ui/ui.cpp')
      C:\Program Files (x86)\Windows Kits\10\Include\10.0.26100.0\shared\winerror.h(59363,9):
      see previous definition of 'DXGI_STATUS_MODE_CHANGE_IN_PROGRESS'
  
C:\Users\Meherab\Desktop\BR MODE BY DEATH ENGINE\example_win32_directx11\ext\DirectX\Include\dxgitype.h(21,9): warning C4005: 'DXGI_ERROR_INVALID_CALL': macro redefinition
  (compiling source file 'src/ui/ui.cpp')
      C:\Program Files (x86)\Windows Kits\10\Include\10.0.26100.0\shared\winerror.h(59378,9):
      see previous definition of 'DXGI_ERROR_INVALID_CALL'
  
C:\Users\Meherab\Desktop\BR MODE BY DEATH ENGINE\example_win32_directx11\ext\DirectX\Include\dxgitype.h(22,9): warning C4005: 'DXGI_ERROR_NOT_FOUND': macro redefinition
  (compiling source file 'src/ui/ui.cpp')
      C:\Program Files (x86)\Windows Kits\10\Include\10.0.26100.0\shared\winerror.h(59387,9):
      see previous definition of 'DXGI_ERROR_NOT_FOUND'
  
C:\Users\Meherab\Desktop\BR MODE BY DEATH ENGINE\example_win32_directx11\ext\DirectX\Include\dxgitype.h(23,9): warning C4005: 'DXGI_ERROR_MORE_DATA': macro redefinition
  (compiling source file 'src/ui/ui.cpp')
      C:\Program Files (x86)\Windows Kits\10\Include\10.0.26100.0\shared\winerror.h(59396,9):
      see previous definition of 'DXGI_ERROR_MORE_DATA'
  
C:\Users\Meherab\Desktop\BR MODE BY DEATH ENGINE\example_win32_directx11\ext\DirectX\Include\dxgitype.h(24,9): warning C4005: 'DXGI_ERROR_UNSUPPORTED': macro redefinition
  (compiling source file 'src/ui/ui.cpp')
      C:\Program Files (x86)\Windows Kits\10\Include\10.0.26100.0\shared\winerror.h(59405,9):
      see previous definition of 'DXGI_ERROR_UNSUPPORTED'
  
C:\Users\Meherab\Desktop\BR MODE BY DEATH ENGINE\example_win32_directx11\ext\DirectX\Include\dxgitype.h(25,9): warning C4005: 'DXGI_ERROR_DEVICE_REMOVED': macro redefinition
  (compiling source file 'src/ui/ui.cpp')
      C:\Program Files (x86)\Windows Kits\10\Include\10.0.26100.0\shared\winerror.h(59414,9):
      see previous definition of 'DXGI_ERROR_DEVICE_REMOVED'
  
C:\Users\Meherab\Desktop\BR MODE BY DEATH ENGINE\example_win32_directx11\ext\DirectX\Include\dxgitype.h(26,9): warning C4005: 'DXGI_ERROR_DEVICE_HUNG': macro redefinition
  (compiling source file 'src/ui/ui.cpp')
      C:\Program Files (x86)\Windows Kits\10\Include\10.0.26100.0\shared\winerror.h(59423,9):
      see previous definition of 'DXGI_ERROR_DEVICE_HUNG'
  
C:\Users\Meherab\Desktop\BR MODE BY DEATH ENGINE\example_win32_directx11\ext\DirectX\Include\dxgitype.h(27,9): warning C4005: 'DXGI_ERROR_DEVICE_RESET': macro redefinition
  (compiling source file 'src/ui/ui.cpp')
      C:\Program Files (x86)\Windows Kits\10\Include\10.0.26100.0\shared\winerror.h(59433,9):
      see previous definition of 'DXGI_ERROR_DEVICE_RESET'
  
C:\Users\Meherab\Desktop\BR MODE BY DEATH ENGINE\example_win32_directx11\ext\DirectX\Include\dxgitype.h(28,9): warning C4005: 'DXGI_ERROR_WAS_STILL_DRAWING': macro redefinition
  (compiling source file 'src/ui/ui.cpp')
      C:\Program Files (x86)\Windows Kits\10\Include\10.0.26100.0\shared\winerror.h(59442,9):
      see previous definition of 'DXGI_ERROR_WAS_STILL_DRAWING'
  
C:\Users\Meherab\Desktop\BR MODE BY DEATH ENGINE\example_win32_directx11\ext\DirectX\Include\dxgitype.h(29,9): warning C4005: 'DXGI_ERROR_FRAME_STATISTICS_DISJOINT': macro redefinition
  (compiling source file 'src/ui/ui.cpp')
      C:\Program Files (x86)\Windows Kits\10\Include\10.0.26100.0\shared\winerror.h(59452,9):
      see previous definition of 'DXGI_ERROR_FRAME_STATISTICS_DISJOINT'
  
C:\Users\Meherab\Desktop\BR MODE BY DEATH ENGINE\example_win32_directx11\ext\DirectX\Include\dxgitype.h(30,9): warning C4005: 'DXGI_ERROR_GRAPHICS_VIDPN_SOURCE_IN_USE': macro redefinition
  (compiling source file 'src/ui/ui.cpp')
      C:\Program Files (x86)\Windows Kits\10\Include\10.0.26100.0\shared\winerror.h(59461,9):
      see previous definition of 'DXGI_ERROR_GRAPHICS_VIDPN_SOURCE_IN_USE'
  
C:\Users\Meherab\Desktop\BR MODE BY DEATH ENGINE\example_win32_directx11\ext\DirectX\Include\dxgitype.h(31,9): warning C4005: 'DXGI_ERROR_DRIVER_INTERNAL_ERROR': macro redefinition
  (compiling source file 'src/ui/ui.cpp')
      C:\Program Files (x86)\Windows Kits\10\Include\10.0.26100.0\shared\winerror.h(59471,9):
      see previous definition of 'DXGI_ERROR_DRIVER_INTERNAL_ERROR'
  
C:\Users\Meherab\Desktop\BR MODE BY DEATH ENGINE\example_win32_directx11\ext\DirectX\Include\dxgitype.h(32,9): warning C4005: 'DXGI_ERROR_NONEXCLUSIVE': macro redefinition
  (compiling source file 'src/ui/ui.cpp')
      C:\Program Files (x86)\Windows Kits\10\Include\10.0.26100.0\shared\winerror.h(59480,9):
      see previous definition of 'DXGI_ERROR_NONEXCLUSIVE'
  
C:\Users\Meherab\Desktop\BR MODE BY DEATH ENGINE\example_win32_directx11\ext\DirectX\Include\dxgitype.h(33,9): warning C4005: 'DXGI_ERROR_NOT_CURRENTLY_AVAILABLE': macro redefinition
  (compiling source file 'src/ui/ui.cpp')
      C:\Program Files (x86)\Windows Kits\10\Include\10.0.26100.0\shared\winerror.h(59489,9):
      see previous definition of 'DXGI_ERROR_NOT_CURRENTLY_AVAILABLE'
  
C:\Users\Meherab\Desktop\BR MODE BY DEATH ENGINE\example_win32_directx11\ext\DirectX\Include\dxgitype.h(34,9): warning C4005: 'DXGI_ERROR_REMOTE_CLIENT_DISCONNECTED': macro redefinition
  (compiling source file 'src/ui/ui.cpp')
      C:\Program Files (x86)\Windows Kits\10\Include\10.0.26100.0\shared\winerror.h(59499,9):
      see previous definition of 'DXGI_ERROR_REMOTE_CLIENT_DISCONNECTED'
  
C:\Users\Meherab\Desktop\BR MODE BY DEATH ENGINE\example_win32_directx11\ext\DirectX\Include\dxgitype.h(35,9): warning C4005: 'DXGI_ERROR_REMOTE_OUTOFMEMORY': macro redefinition
  (compiling source file 'src/ui/ui.cpp')
      C:\Program Files (x86)\Windows Kits\10\Include\10.0.26100.0\shared\winerror.h(59508,9):
      see previous definition of 'DXGI_ERROR_REMOTE_OUTOFMEMORY'
  
C:\Users\Meherab\Desktop\BR MODE BY DEATH ENGINE\example_win32_directx11\ext\DirectX\Include\d3d11.h(917,9): warning C4005: 'D3D11_ERROR_TOO_MANY_UNIQUE_STATE_OBJECTS': macro redefinition
  (compiling source file 'src/ui/ui.cpp')
      C:\Program Files (x86)\Windows Kits\10\Include\10.0.26100.0\shared\winerror.h(59823,9):
      see previous definition of 'D3D11_ERROR_TOO_MANY_UNIQUE_STATE_OBJECTS'
  
C:\Users\Meherab\Desktop\BR MODE BY DEATH ENGINE\example_win32_directx11\ext\DirectX\Include\d3d11.h(918,9): warning C4005: 'D3D11_ERROR_FILE_NOT_FOUND': macro redefinition
  (compiling source file 'src/ui/ui.cpp')
      C:\Program Files (x86)\Windows Kits\10\Include\10.0.26100.0\shared\winerror.h(59832,9):
      see previous definition of 'D3D11_ERROR_FILE_NOT_FOUND'
  
C:\Users\Meherab\Desktop\BR MODE BY DEATH ENGINE\example_win32_directx11\ext\DirectX\Include\d3d11.h(919,9): warning C4005: 'D3D11_ERROR_TOO_MANY_UNIQUE_VIEW_OBJECTS': macro redefinition
  (compiling source file 'src/ui/ui.cpp')
      C:\Program Files (x86)\Windows Kits\10\Include\10.0.26100.0\shared\winerror.h(59842,9):
      see previous definition of 'D3D11_ERROR_TOO_MANY_UNIQUE_VIEW_OBJECTS'
  
C:\Users\Meherab\Desktop\BR MODE BY DEATH ENGINE\example_win32_directx11\ext\DirectX\Include\d3d11.h(920,9): warning C4005: 'D3D11_ERROR_DEFERRED_CONTEXT_MAP_WITHOUT_INITIAL_DISCARD': macro redefinition
  (compiling source file 'src/ui/ui.cpp')
      C:\Program Files (x86)\Windows Kits\10\Include\10.0.26100.0\shared\winerror.h(59851,9):
      see previous definition of 'D3D11_ERROR_DEFERRED_CONTEXT_MAP_WITHOUT_INITIAL_DISCARD'
  
C:\Users\Meherab\Desktop\BR MODE BY DEATH ENGINE\example_win32_directx11\ext\DirectX\Include\d3d10.h(608,9): warning C4005: 'D3D10_ERROR_TOO_MANY_UNIQUE_STATE_OBJECTS': macro redefinition
  (compiling source file 'src/ui/ui.cpp')
      C:\Program Files (x86)\Windows Kits\10\Include\10.0.26100.0\shared\winerror.h(59799,9):
      see previous definition of 'D3D10_ERROR_TOO_MANY_UNIQUE_STATE_OBJECTS'
  
C:\Users\Meherab\Desktop\BR MODE BY DEATH ENGINE\example_win32_directx11\ext\DirectX\Include\d3d10.h(609,9): warning C4005: 'D3D10_ERROR_FILE_NOT_FOUND': macro redefinition
  (compiling source file 'src/ui/ui.cpp')
      C:\Program Files (x86)\Windows Kits\10\Include\10.0.26100.0\shared\winerror.h(59808,9):
      see previous definition of 'D3D10_ERROR_FILE_NOT_FOUND'
  
C:\Users\Meherab\Desktop\BR MODE BY DEATH ENGINE\example_win32_directx11\EspLines\Math\Vector\Vector3.hpp(11,9): warning C4201: nonstandard extension used: nameless struct/union
  (compiling source file 'src/ui/ui.cpp')
  
C:\Users\Meherab\Desktop\BR MODE BY DEATH ENGINE\example_win32_directx11\EspLines\Math\Vector\Vector3.hpp(339,13): warning C4244: '=': conversion from 'double' to 'float', possible loss of data
  (compiling source file 'src/ui/ui.cpp')
  
C:\Users\Meherab\Desktop\BR MODE BY DEATH ENGINE\example_win32_directx11\EspLines\Math\Vector\Vector3.hpp(340,13): warning C4244: '=': conversion from 'double' to 'float', possible loss of data
  (compiling source file 'src/ui/ui.cpp')
  
C:\Users\Meherab\Desktop\BR MODE BY DEATH ENGINE\example_win32_directx11\EspLines\Math\Vector\Vector3.hpp(492,72): warning C4305: 'argument': truncation from 'double' to 'float'
  (compiling source file 'src/ui/ui.cpp')
  
C:\Users\Meherab\Desktop\BR MODE BY DEATH ENGINE\example_win32_directx11\EspLines\Math\Vector\Vector3.hpp(492,66): warning C4305: 'argument': truncation from 'double' to 'float'
  (compiling source file 'src/ui/ui.cpp')
  
C:\Users\Meherab\Desktop\BR MODE BY DEATH ENGINE\example_win32_directx11\EspLines\Math\Vector\Vector3.hpp(492,60): warning C4305: 'argument': truncation from 'double' to 'float'
  (compiling source file 'src/ui/ui.cpp')
  
C:\Users\Meherab\Desktop\BR MODE BY DEATH ENGINE\example_win32_directx11\EspLines\Math\Vector\Vector3.hpp(520,15): warning C4244: '=': conversion from 'double' to 'float', possible loss of data
  (compiling source file 'src/ui/ui.cpp')
  
C:\Users\Meherab\Desktop\BR MODE BY DEATH ENGINE\example_win32_directx11\EspLines\Math\Vector\Vector3.hpp(521,15): warning C4244: '=': conversion from 'double' to 'float', possible loss of data
  (compiling source file 'src/ui/ui.cpp')
  
C:\Users\Meherab\Desktop\BR MODE BY DEATH ENGINE\example_win32_directx11\EspLines\Math\Vector\Vector3.hpp(538,13): warning C4244: '=': conversion from 'double' to 'float', possible loss of data
  (compiling source file 'src/ui/ui.cpp')
  
C:\Users\Meherab\Desktop\BR MODE BY DEATH ENGINE\example_win32_directx11\EspLines\Math\Vector\Vector3.hpp(539,13): warning C4244: '=': conversion from 'double' to 'float', possible loss of data
  (compiling source file 'src/ui/ui.cpp')
  
C:\Users\Meherab\Desktop\BR MODE BY DEATH ENGINE\example_win32_directx11\EspLines\Math\Vector\Vector3.hpp(594,21): warning C4312: 'type cast': conversion from 'int' to 'const char *' of greater size
  (compiling source file 'src/ui/ui.cpp')
  
C:\Users\Meherab\Desktop\BR MODE BY DEATH ENGINE\example_win32_directx11\EspLines\Math\Vector\Vector3.hpp(595,21): warning C4312: 'type cast': conversion from 'int' to 'const char *' of greater size
  (compiling source file 'src/ui/ui.cpp')
  
C:\Users\Meherab\Desktop\BR MODE BY DEATH ENGINE\example_win32_directx11\EspLines\Math\Vector\Vector3.hpp(596,21): warning C4312: 'type cast': conversion from 'int' to 'const char *' of greater size
  (compiling source file 'src/ui/ui.cpp')
  
C:\Users\Meherab\Desktop\BR MODE BY DEATH ENGINE\example_win32_directx11\Auth\HabitAuth.hpp(579,25): warning C4458: declaration of 'response' hides class member
  (compiling source file 'src/ui/ui.cpp')
      C:\Users\Meherab\Desktop\BR MODE BY DEATH ENGINE\example_win32_directx11\Auth\HabitAuth.hpp(80,23):
      see declaration of 'HabitAuth::Client::response'
  
C:\Users\Meherab\Desktop\BR MODE BY DEATH ENGINE\example_win32_directx11\Auth\HabitAuth.hpp(614,37): warning C4100: 'msg': unreferenced parameter
  (compiling source file 'src/ui/ui.cpp')
  
C:\Users\Meherab\Desktop\BR MODE BY DEATH ENGINE\example_win32_directx11\Imspinner\Imspinner.h(1,1): warning C4828: The file contains a character starting at offset 0x13a9 that is not valid in the current source character set (codepage 65001).
  (compiling source file 'src/ui/ui.cpp')
  
C:\Users\Meherab\Desktop\BR MODE BY DEATH ENGINE\example_win32_directx11\Imspinner\Imspinner.h(1,1): warning C4828: The file contains a character starting at offset 0x13ab that is not valid in the current source character set (codepage 65001).
  (compiling source file 'src/ui/ui.cpp')
  
C:\Users\Meherab\Desktop\BR MODE BY DEATH ENGINE\example_win32_directx11\Imspinner\Imspinner.h(1,1): warning C4828: The file contains a character starting at offset 0x13af that is not valid in the current source character set (codepage 65001).
  (compiling source file 'src/ui/ui.cpp')
  
C:\Users\Meherab\Desktop\BR MODE BY DEATH ENGINE\example_win32_directx11\Imspinner\Imspinner.h(1,1): warning C4828: The file contains a character starting at offset 0x13b4 that is not valid in the current source character set (codepage 65001).
  (compiling source file 'src/ui/ui.cpp')
  
C:\Users\Meherab\Desktop\BR MODE BY DEATH ENGINE\example_win32_directx11\Imspinner\Imspinner.h(1,1): warning C4828: The file contains a character starting at offset 0x13b8 that is not valid in the current source character set (codepage 65001).
  (compiling source file 'src/ui/ui.cpp')
  
C:\Users\Meherab\Desktop\BR MODE BY DEATH ENGINE\example_win32_directx11\Imspinner\Imspinner.h(1,1): warning C4828: The file contains a character starting at offset 0x13bb that is not valid in the current source character set (codepage 65001).
  (compiling source file 'src/ui/ui.cpp')
  
C:\Users\Meherab\Desktop\BR MODE BY DEATH ENGINE\example_win32_directx11\Imspinner\Imspinner.h(1,1): warning C4828: The file contains a character starting at offset 0x13bc that is not valid in the current source character set (codepage 65001).
  (compiling source file 'src/ui/ui.cpp')
  
C:\Users\Meherab\Desktop\BR MODE BY DEATH ENGINE\example_win32_directx11\Imspinner\Imspinner.h(1,1): warning C4828: The file contains a character starting at offset 0x13bd that is not valid in the current source character set (codepage 65001).
  (compiling source file 'src/ui/ui.cpp')
  
C:\Users\Meherab\Desktop\BR MODE BY DEATH ENGINE\example_win32_directx11\Imspinner\Imspinner.h(1,1): warning C4828: The file contains a character starting at offset 0x13be that is not valid in the current source character set (codepage 65001).
  (compiling source file 'src/ui/ui.cpp')
  
C:\Users\Meherab\Desktop\BR MODE BY DEATH ENGINE\example_win32_directx11\Imspinner\Imspinner.h(146,16): warning C4244: 'initializing': conversion from 'double' to 'float', possible loss of data
  (compiling source file 'src/ui/ui.cpp')
  
C:\Users\Meherab\Desktop\BR MODE BY DEATH ENGINE\example_win32_directx11\Imspinner\Imspinner.h(156,27): warning C4244: '=': conversion from 'double' to 'float', possible loss of data
  (compiling source file 'src/ui/ui.cpp')
  
C:\Users\Meherab\Desktop\BR MODE BY DEATH ENGINE\example_win32_directx11\Imspinner\Imspinner.h(151,68): warning C4189: 'velocity': local variable is initialized but not referenced
  (compiling source file 'src/ui/ui.cpp')
  
C:\Users\Meherab\Desktop\BR MODE BY DEATH ENGINE\example_win32_directx11\Imspinner\Imspinner.h(363,15): warning C4189: 'bg_angle_offset': local variable is initialized but not referenced
  (compiling source file 'src/ui/ui.cpp')
  
C:\Users\Meherab\Desktop\BR MODE BY DEATH ENGINE\example_win32_directx11\Imspinner\Imspinner.h(398,15): warning C4189: 'bg_angle_offset': local variable is initialized but not referenced
  (compiling source file 'src/ui/ui.cpp')
  
C:\Users\Meherab\Desktop\BR MODE BY DEATH ENGINE\example_win32_directx11\Imspinner\Imspinner.h(536,90): warning C4100: 'offset_k': unreferenced parameter
  (compiling source file 'src/ui/ui.cpp')
  
C:\Users\Meherab\Desktop\BR MODE BY DEATH ENGINE\example_win32_directx11\Imspinner\Imspinner.h(543,15): warning C4189: 'offset': local variable is initialized but not referenced
  (compiling source file 'src/ui/ui.cpp')
  
C:\Users\Meherab\Desktop\BR MODE BY DEATH ENGINE\example_win32_directx11\Imspinner\Imspinner.h(640,15): warning C4189: 'nextItemKoeff': local variable is initialized but not referenced
  (compiling source file 'src/ui/ui.cpp')
  
C:\Users\Meherab\Desktop\BR MODE BY DEATH ENGINE\example_win32_directx11\Imspinner\Imspinner.h(666,15): warning C4189: 'nextItemKoeff': local variable is initialized but not referenced
  (compiling source file 'src/ui/ui.cpp')
  
C:\Users\Meherab\Desktop\BR MODE BY DEATH ENGINE\example_win32_directx11\Imspinner\Imspinner.h(708,15): warning C4189: 'nextItemKoeff': local variable is initialized but not referenced
  (compiling source file 'src/ui/ui.cpp')
  
C:\Users\Meherab\Desktop\BR MODE BY DEATH ENGINE\example_win32_directx11\Imspinner\Imspinner.h(809,15): warning C4189: 'nextItemKoeff': local variable is initialized but not referenced
  (compiling source file 'src/ui/ui.cpp')
  
C:\Users\Meherab\Desktop\BR MODE BY DEATH ENGINE\example_win32_directx11\Imspinner\Imspinner.h(810,15): warning C4189: 'heightKoeff': local variable is initialized but not referenced
  (compiling source file 'src/ui/ui.cpp')
  
C:\Users\Meherab\Desktop\BR MODE BY DEATH ENGINE\example_win32_directx11\Imspinner\Imspinner.h(811,15): warning C4189: 'heightSpeed': local variable is initialized but not referenced
  (compiling source file 'src/ui/ui.cpp')
  
C:\Users\Meherab\Desktop\BR MODE BY DEATH ENGINE\example_win32_directx11\Imspinner\Imspinner.h(1017,15): warning C4189: 'angle_offset': local variable is initialized but not referenced
  (compiling source file 'src/ui/ui.cpp')
  
C:\Users\Meherab\Desktop\BR MODE BY DEATH ENGINE\example_win32_directx11\Imspinner\Imspinner.h(1196,13): warning C4457: declaration of 'p1' hides function parameter
  (compiling source file 'src/ui/ui.cpp')
      C:\Users\Meherab\Desktop\BR MODE BY DEATH ENGINE\example_win32_directx11\Imspinner\Imspinner.h(1213,4):
      see declaration of 'p1'
  
C:\Users\Meherab\Desktop\BR MODE BY DEATH ENGINE\example_win32_directx11\Imspinner\Imspinner.h(1197,13): warning C4457: declaration of 'p2' hides function parameter
  (compiling source file 'src/ui/ui.cpp')
      C:\Users\Meherab\Desktop\BR MODE BY DEATH ENGINE\example_win32_directx11\Imspinner\Imspinner.h(1213,4):
      see declaration of 'p2'
  
C:\Users\Meherab\Desktop\BR MODE BY DEATH ENGINE\example_win32_directx11\Imspinner\Imspinner.h(1198,13): warning C4457: declaration of 'p3' hides function parameter
  (compiling source file 'src/ui/ui.cpp')
      C:\Users\Meherab\Desktop\BR MODE BY DEATH ENGINE\example_win32_directx11\Imspinner\Imspinner.h(1213,4):
      see declaration of 'p3'
  
C:\Users\Meherab\Desktop\BR MODE BY DEATH ENGINE\example_win32_directx11\Imspinner\Imspinner.h(1230,68): warning C4267: 'argument': conversion from 'size_t' to 'int', possible loss of data
  (compiling source file 'src/ui/ui.cpp')
  
C:\Users\Meherab\Desktop\BR MODE BY DEATH ENGINE\example_win32_directx11\Imspinner\Imspinner.h(1175,134): warning C4100: 'scale': unreferenced parameter
  (compiling source file 'src/ui/ui.cpp')
  
C:\Users\Meherab\Desktop\BR MODE BY DEATH ENGINE\example_win32_directx11\Imspinner\Imspinner.h(1226,15): warning C4189: 'offset': local variable is initialized but not referenced
  (compiling source file 'src/ui/ui.cpp')
  
C:\Users\Meherab\Desktop\BR MODE BY DEATH ENGINE\example_win32_directx11\Imspinner\Imspinner.h(1181,15): warning C4189: 'nextItemKoeff': local variable is initialized but not referenced
  (compiling source file 'src/ui/ui.cpp')
  
C:\Users\Meherab\Desktop\BR MODE BY DEATH ENGINE\example_win32_directx11\Imspinner\Imspinner.h(1182,15): warning C4189: 'yOffsetKoeftt': local variable is initialized but not referenced
  (compiling source file 'src/ui/ui.cpp')
  
C:\Users\Meherab\Desktop\BR MODE BY DEATH ENGINE\example_win32_directx11\Imspinner\Imspinner.h(1183,15): warning C4189: 'heightSpeed': local variable is initialized but not referenced
  (compiling source file 'src/ui/ui.cpp')
  
C:\Users\Meherab\Desktop\BR MODE BY DEATH ENGINE\example_win32_directx11\Imspinner\Imspinner.h(1180,21): warning C4189: 'style': local variable is initialized but not referenced
  (compiling source file 'src/ui/ui.cpp')
  
C:\Users\Meherab\Desktop\BR MODE BY DEATH ENGINE\example_win32_directx11\Imspinner\Imspinner.h(1402,68): warning C4244: 'argument': conversion from 'int' to 'float', possible loss of data
  (compiling source file 'src/ui/ui.cpp')
  
C:\Users\Meherab\Desktop\BR MODE BY DEATH ENGINE\example_win32_directx11\Imspinner\Imspinner.h(1402,17): warning C4267: 'argument': conversion from 'size_t' to 'int', possible loss of data
  (compiling source file 'src/ui/ui.cpp')
  
C:\Users\Meherab\Desktop\BR MODE BY DEATH ENGINE\example_win32_directx11\Imspinner\Imspinner.h(1403,70): warning C4244: 'argument': conversion from 'int' to 'float', possible loss of data
  (compiling source file 'src/ui/ui.cpp')
  
C:\Users\Meherab\Desktop\BR MODE BY DEATH ENGINE\example_win32_directx11\Imspinner\Imspinner.h(1403,17): warning C4267: 'argument': conversion from 'size_t' to 'int', possible loss of data
  (compiling source file 'src/ui/ui.cpp')
  
C:\Users\Meherab\Desktop\BR MODE BY DEATH ENGINE\example_win32_directx11\Imspinner\Imspinner.h(1435,15): warning C4189: 'top': local variable is initialized but not referenced
  (compiling source file 'src/ui/ui.cpp')
  
C:\Users\Meherab\Desktop\BR MODE BY DEATH ENGINE\example_win32_directx11\Imspinner\Imspinner.h(1434,15): warning C4189: 'right': local variable is initialized but not referenced
  (compiling source file 'src/ui/ui.cpp')
  
C:\Users\Meherab\Desktop\BR MODE BY DEATH ENGINE\example_win32_directx11\Imspinner\Imspinner.h(1495,22): warning C4244: 'initializing': conversion from '__int64' to 'int', possible loss of data
  (compiling source file 'src/ui/ui.cpp')
  
C:\Users\Meherab\Desktop\BR MODE BY DEATH ENGINE\example_win32_directx11\Imspinner\Imspinner.h(1495,22): warning C4244: 'initializing': conversion from '__int64' to 'const int', possible loss of data
  (compiling source file 'src/ui/ui.cpp')
  
C:\Users\Meherab\Desktop\BR MODE BY DEATH ENGINE\example_win32_directx11\Imspinner\Imspinner.h(1646,15): warning C4189: 'delta': local variable is initialized but not referenced
  (compiling source file 'src/ui/ui.cpp')
  
C:\Users\Meherab\Desktop\BR MODE BY DEATH ENGINE\example_win32_directx11\Imspinner\Imspinner.h(1660,15): warning C4189: 'top': local variable is initialized but not referenced
  (compiling source file 'src/ui/ui.cpp')
  
C:\Users\Meherab\Desktop\BR MODE BY DEATH ENGINE\example_win32_directx11\Imspinner\Imspinner.h(1659,15): warning C4189: 'right': local variable is initialized but not referenced
  (compiling source file 'src/ui/ui.cpp')
  
C:\Users\Meherab\Desktop\BR MODE BY DEATH ENGINE\example_win32_directx11\Imspinner\Imspinner.h(1683,15): warning C4189: 'ht': local variable is initialized but not referenced
  (compiling source file 'src/ui/ui.cpp')
  
C:\Users\Meherab\Desktop\BR MODE BY DEATH ENGINE\example_win32_directx11\Imspinner\Imspinner.h(1717,16): warning C4189: 'e': local variable is initialized but not referenced
  (compiling source file 'src/ui/ui.cpp')
  
C:\Users\Meherab\Desktop\BR MODE BY DEATH ENGINE\example_win32_directx11\Imspinner\Imspinner.h(1716,16): warning C4189: 'b': local variable is initialized but not referenced
  (compiling source file 'src/ui/ui.cpp')
  
C:\Users\Meherab\Desktop\BR MODE BY DEATH ENGINE\example_win32_directx11\Imspinner\Imspinner.h(1756,15): warning C4189: 'angle_offset': local variable is initialized but not referenced
  (compiling source file 'src/ui/ui.cpp')
  
C:\Users\Meherab\Desktop\BR MODE BY DEATH ENGINE\example_win32_directx11\Imspinner\Imspinner.h(1760,16): warning C4189: 'e': local variable is initialized but not referenced
  (compiling source file 'src/ui/ui.cpp')
  
C:\Users\Meherab\Desktop\BR MODE BY DEATH ENGINE\example_win32_directx11\Imspinner\Imspinner.h(1759,16): warning C4189: 'b': local variable is initialized but not referenced
  (compiling source file 'src/ui/ui.cpp')
  
C:\Users\Meherab\Desktop\BR MODE BY DEATH ENGINE\example_win32_directx11\Imspinner\Imspinner.h(1797,16): warning C4189: 'e': local variable is initialized but not referenced
  (compiling source file 'src/ui/ui.cpp')
  
C:\Users\Meherab\Desktop\BR MODE BY DEATH ENGINE\example_win32_directx11\Imspinner\Imspinner.h(1796,16): warning C4189: 'b': local variable is initialized but not referenced
  (compiling source file 'src/ui/ui.cpp')
  
C:\Users\Meherab\Desktop\BR MODE BY DEATH ENGINE\example_win32_directx11\Imspinner\Imspinner.h(1839,16): warning C4189: 'e': local variable is initialized but not referenced
  (compiling source file 'src/ui/ui.cpp')
  
C:\Users\Meherab\Desktop\BR MODE BY DEATH ENGINE\example_win32_directx11\Imspinner\Imspinner.h(1838,16): warning C4189: 'b': local variable is initialized but not referenced
  (compiling source file 'src/ui/ui.cpp')
  
C:\Users\Meherab\Desktop\BR MODE BY DEATH ENGINE\example_win32_directx11\Imspinner\Imspinner.h(1871,16): warning C4189: 'a': local variable is initialized but not referenced
  (compiling source file 'src/ui/ui.cpp')
  
C:\Users\Meherab\Desktop\BR MODE BY DEATH ENGINE\example_win32_directx11\Imspinner\Imspinner.h(1870,16): warning C4189: 'e': local variable is initialized but not referenced
  (compiling source file 'src/ui/ui.cpp')
  
C:\Users\Meherab\Desktop\BR MODE BY DEATH ENGINE\example_win32_directx11\Imspinner\Imspinner.h(1869,16): warning C4189: 'b': local variable is initialized but not referenced
  (compiling source file 'src/ui/ui.cpp')
  
C:\Users\Meherab\Desktop\BR MODE BY DEATH ENGINE\example_win32_directx11\Imspinner\Imspinner.h(1914,15): warning C4189: 'bg_angle_offset': local variable is initialized but not referenced
  (compiling source file 'src/ui/ui.cpp')
  
C:\Users\Meherab\Desktop\BR MODE BY DEATH ENGINE\example_win32_directx11\Imspinner\Imspinner.h(1933,15): warning C4189: 'bg_angle_offset': local variable is initialized but not referenced
  (compiling source file 'src/ui/ui.cpp')
  
C:\Users\Meherab\Desktop\BR MODE BY DEATH ENGINE\example_win32_directx11\Imspinner\Imspinner.h(1978,30): warning C4244: 'argument': conversion from 'double' to 'float', possible loss of data
  (compiling source file 'src/ui/ui.cpp')
  
C:\Users\Meherab\Desktop\BR MODE BY DEATH ENGINE\example_win32_directx11\Imspinner\Imspinner.h(1979,13): warning C4189: 'half_segments': local variable is initialized but not referenced
  (compiling source file 'src/ui/ui.cpp')
  
C:\Users\Meherab\Desktop\BR MODE BY DEATH ENGINE\example_win32_directx11\Imspinner\Imspinner.h(2063,17): warning C4189: 'storage': local variable is initialized but not referenced
  (compiling source file 'src/ui/ui.cpp')
  
C:\Users\Meherab\Desktop\BR MODE BY DEATH ENGINE\example_win32_directx11\Imspinner\Imspinner.h(2161,160): warning C4100: 'colorY': unreferenced parameter
  (compiling source file 'src/ui/ui.cpp')
  
C:\Users\Meherab\Desktop\BR MODE BY DEATH ENGINE\example_win32_directx11\Imspinner\Imspinner.h(2252,15): warning C4189: 'start': local variable is initialized but not referenced
  (compiling source file 'src/ui/ui.cpp')
  
C:\Users\Meherab\Desktop\BR MODE BY DEATH ENGINE\example_win32_directx11\Imspinner\Imspinner.h(2287,17): warning C4456: declaration of 'pos' hides previous local declaration
  (compiling source file 'src/ui/ui.cpp')
      C:\Users\Meherab\Desktop\BR MODE BY DEATH ENGINE\example_win32_directx11\Imspinner\Imspinner.h(2273,3):
      see declaration of 'pos'
  
C:\Users\Meherab\Desktop\BR MODE BY DEATH ENGINE\example_win32_directx11\Imspinner\Imspinner.h(2296,17): warning C4456: declaration of 'pos' hides previous local declaration
  (compiling source file 'src/ui/ui.cpp')
      C:\Users\Meherab\Desktop\BR MODE BY DEATH ENGINE\example_win32_directx11\Imspinner\Imspinner.h(2273,3):
      see declaration of 'pos'
  
C:\Users\Meherab\Desktop\BR MODE BY DEATH ENGINE\example_win32_directx11\Imspinner\Imspinner.h(2297,12): warning C4244: 'initializing': conversion from 'double' to 'float', possible loss of data
  (compiling source file 'src/ui/ui.cpp')
  
C:\Users\Meherab\Desktop\BR MODE BY DEATH ENGINE\example_win32_directx11\Imspinner\Imspinner.h(2275,15): warning C4189: 'start': local variable is initialized but not referenced
  (compiling source file 'src/ui/ui.cpp')
  
C:\Users\Meherab\Desktop\BR MODE BY DEATH ENGINE\example_win32_directx11\Imspinner\Imspinner.h(2312,15): warning C4189: 'start': local variable is initialized but not referenced
  (compiling source file 'src/ui/ui.cpp')
  
C:\Users\Meherab\Desktop\BR MODE BY DEATH ENGINE\example_win32_directx11\Imspinner\Imspinner.h(2333,15): warning C4189: 'start': local variable is initialized but not referenced
  (compiling source file 'src/ui/ui.cpp')
  
C:\Users\Meherab\Desktop\BR MODE BY DEATH ENGINE\example_win32_directx11\Imspinner\Imspinner.h(2574,15): warning C4189: 'th': local variable is initialized but not referenced
  (compiling source file 'src/ui/ui.cpp')
  
C:\Users\Meherab\Desktop\BR MODE BY DEATH ENGINE\example_win32_directx11\Imspinner\Imspinner.h(2635,15): warning C4189: 't': local variable is initialized but not referenced
  (compiling source file 'src/ui/ui.cpp')
  
C:\Users\Meherab\Desktop\BR MODE BY DEATH ENGINE\example_win32_directx11\Imspinner\Imspinner.h(2812,16): warning C4189: 'rkoeff': local variable is initialized but not referenced
  (compiling source file 'src/ui/ui.cpp')
  
C:\Users\Meherab\Desktop\BR MODE BY DEATH ENGINE\example_win32_directx11\Imspinner\Imspinner.h(3003,15): warning C4189: 'rstart': local variable is initialized but not referenced
  (compiling source file 'src/ui/ui.cpp')
  
C:\Users\Meherab\Desktop\BR MODE BY DEATH ENGINE\example_win32_directx11\Imspinner\Imspinner.h(3076,16): warning C4189: 'angle': local variable is initialized but not referenced
  (compiling source file 'src/ui/ui.cpp')
  
C:\Users\Meherab\Desktop\BR MODE BY DEATH ENGINE\example_win32_directx11\Imspinner\Imspinner.h(3094,18): warning C4244: 'initializing': conversion from 'float' to 'int', possible loss of data
  (compiling source file 'src/ui/ui.cpp')
  
C:\Users\Meherab\Desktop\BR MODE BY DEATH ENGINE\example_win32_directx11\Imspinner\Imspinner.h(3094,18): warning C4244: 'initializing': conversion from 'float' to 'const int', possible loss of data
  (compiling source file 'src/ui/ui.cpp')
  
C:\Users\Meherab\Desktop\BR MODE BY DEATH ENGINE\example_win32_directx11\Imspinner\Imspinner.h(3088,126): warning C4100: 'mode': unreferenced parameter
  (compiling source file 'src/ui/ui.cpp')
  
C:\Users\Meherab\Desktop\BR MODE BY DEATH ENGINE\example_win32_directx11\Imspinner\Imspinner.h(3112,18): warning C4244: 'initializing': conversion from 'float' to 'int', possible loss of data
  (compiling source file 'src/ui/ui.cpp')
  
C:\Users\Meherab\Desktop\BR MODE BY DEATH ENGINE\example_win32_directx11\Imspinner\Imspinner.h(3112,18): warning C4244: 'initializing': conversion from 'float' to 'const int', possible loss of data
  (compiling source file 'src/ui/ui.cpp')
  
C:\Users\Meherab\Desktop\BR MODE BY DEATH ENGINE\example_win32_directx11\Imspinner\Imspinner.h(3107,130): warning C4100: 'mode': unreferenced parameter
  (compiling source file 'src/ui/ui.cpp')
  
C:\Users\Meherab\Desktop\BR MODE BY DEATH ENGINE\example_win32_directx11\Imspinner\Imspinner.h(3288,15): warning C4189: 'hspeed': local variable is initialized but not referenced
  (compiling source file 'src/ui/ui.cpp')
  
C:\Users\Meherab\Desktop\BR MODE BY DEATH ENGINE\example_win32_directx11\Imspinner\Imspinner.h(3311,15): warning C4189: 'hspeed': local variable is initialized but not referenced
  (compiling source file 'src/ui/ui.cpp')
  
C:\Users\Meherab\Desktop\BR MODE BY DEATH ENGINE\example_win32_directx11\Imspinner\Imspinner.h(3336,16): warning C4189: 'a': local variable is initialized but not referenced
  (compiling source file 'src/ui/ui.cpp')
  
C:\Users\Meherab\Desktop\BR MODE BY DEATH ENGINE\example_win32_directx11\Imspinner\Imspinner.h(3335,16): warning C4189: 'e': local variable is initialized but not referenced
  (compiling source file 'src/ui/ui.cpp')
  
C:\Users\Meherab\Desktop\BR MODE BY DEATH ENGINE\example_win32_directx11\Imspinner\Imspinner.h(3334,16): warning C4189: 'b': local variable is initialized but not referenced
  (compiling source file 'src/ui/ui.cpp')
  
C:\Users\Meherab\Desktop\BR MODE BY DEATH ENGINE\example_win32_directx11\Imspinner\Imspinner.h(3364,16): warning C4189: 'a': local variable is initialized but not referenced
  (compiling source file 'src/ui/ui.cpp')
  
C:\Users\Meherab\Desktop\BR MODE BY DEATH ENGINE\example_win32_directx11\Imspinner\Imspinner.h(3363,16): warning C4189: 'e': local variable is initialized but not referenced
  (compiling source file 'src/ui/ui.cpp')
  
C:\Users\Meherab\Desktop\BR MODE BY DEATH ENGINE\example_win32_directx11\Imspinner\Imspinner.h(3362,16): warning C4189: 'b': local variable is initialized but not referenced
  (compiling source file 'src/ui/ui.cpp')
  
C:\Users\Meherab\Desktop\BR MODE BY DEATH ENGINE\example_win32_directx11\Imspinner\Imspinner.h(3586,15): warning C4189: 'rmin': local variable is initialized but not referenced
  (compiling source file 'src/ui/ui.cpp')
  
C:\Users\Meherab\Desktop\BR MODE BY DEATH ENGINE\example_win32_directx11\Imspinner\Imspinner.h(3761,15): warning C4189: 'bg_angle_offset': local variable is initialized but not referenced
  (compiling source file 'src/ui/ui.cpp')
  
C:\Users\Meherab\Desktop\BR MODE BY DEATH ENGINE\example_win32_directx11\src\ui\ui.cpp(346,83): warning C4100: 'label': unreferenced parameter
C:\Users\Meherab\Desktop\BR MODE BY DEATH ENGINE\example_win32_directx11\src\ui\ui.cpp(582,24): warning C4459: declaration of 'Size' hides global declaration
      C:\Users\Meherab\Desktop\BR MODE BY DEATH ENGINE\example_win32_directx11\src\ui\ui.cpp(92,22):
      see declaration of 'Size'
  
C:\Users\Meherab\Desktop\BR MODE BY DEATH ENGINE\example_win32_directx11\src\ui\ui.cpp(587,30): warning C4456: declaration of 'AnimaTab' hides previous local declaration
      C:\Users\Meherab\Desktop\BR MODE BY DEATH ENGINE\example_win32_directx11\src\ui\ui.cpp(548,22):
      see declaration of 'AnimaTab'
  
C:\Users\Meherab\Desktop\BR MODE BY DEATH ENGINE\example_win32_directx11\src\ui\ui.cpp(588,28): warning C4456: declaration of 'LastCurrentTab' hides previous local declaration
      C:\Users\Meherab\Desktop\BR MODE BY DEATH ENGINE\example_win32_directx11\src\ui\ui.cpp(549,20):
      see declaration of 'LastCurrentTab'
  
C:\Users\Meherab\Desktop\BR MODE BY DEATH ENGINE\example_win32_directx11\src\ui\ui.cpp(601,30): warning C4456: declaration of 'Anima' hides previous local declaration
      C:\Users\Meherab\Desktop\BR MODE BY DEATH ENGINE\example_win32_directx11\src\ui\ui.cpp(557,22):
      see declaration of 'Anima'
  
C:\Users\Meherab\Desktop\BR MODE BY DEATH ENGINE\example_win32_directx11\src\ui\ui.cpp(774,34): warning C4456: declaration of 'AnimaTab' hides previous local declaration
      C:\Users\Meherab\Desktop\BR MODE BY DEATH ENGINE\example_win32_directx11\src\ui\ui.cpp(587,30):
      see declaration of 'AnimaTab'
  
C:\Users\Meherab\Desktop\BR MODE BY DEATH ENGINE\example_win32_directx11\src\ui\ui.cpp(775,32): warning C4456: declaration of 'LastCurrentTab' hides previous local declaration
      C:\Users\Meherab\Desktop\BR MODE BY DEATH ENGINE\example_win32_directx11\src\ui\ui.cpp(588,28):
      see declaration of 'LastCurrentTab'
  
C:\Users\Meherab\Desktop\BR MODE BY DEATH ENGINE\example_win32_directx11\src\ui\ui.cpp(796,40): warning C4456: declaration of 'LastCurrentSub' hides previous local declaration
      C:\Users\Meherab\Desktop\BR MODE BY DEATH ENGINE\example_win32_directx11\src\ui\ui.cpp(599,28):
      see declaration of 'LastCurrentSub'
  
C:\Users\Meherab\Desktop\BR MODE BY DEATH ENGINE\example_win32_directx11\src\ui\ui.cpp(797,40): warning C4456: declaration of 'CurrentSub' hides previous local declaration
      C:\Users\Meherab\Desktop\BR MODE BY DEATH ENGINE\example_win32_directx11\src\ui\ui.cpp(600,28):
      see declaration of 'CurrentSub'
  
C:\Users\Meherab\Desktop\BR MODE BY DEATH ENGINE\example_win32_directx11\src\ui\ui.cpp(798,42): warning C4456: declaration of 'Anima' hides previous local declaration
      C:\Users\Meherab\Desktop\BR MODE BY DEATH ENGINE\example_win32_directx11\src\ui\ui.cpp(601,30):
      see declaration of 'Anima'
  
C:\Users\Meherab\Desktop\BR MODE BY DEATH ENGINE\example_win32_directx11\src\ui\ui.cpp(988,40): warning C4456: declaration of 'LastCurrentSub' hides previous local declaration
      C:\Users\Meherab\Desktop\BR MODE BY DEATH ENGINE\example_win32_directx11\src\ui\ui.cpp(599,28):
      see declaration of 'LastCurrentSub'
  
C:\Users\Meherab\Desktop\BR MODE BY DEATH ENGINE\example_win32_directx11\src\ui\ui.cpp(989,40): warning C4456: declaration of 'CurrentSub' hides previous local declaration
      C:\Users\Meherab\Desktop\BR MODE BY DEATH ENGINE\example_win32_directx11\src\ui\ui.cpp(600,28):
      see declaration of 'CurrentSub'
  
C:\Users\Meherab\Desktop\BR MODE BY DEATH ENGINE\example_win32_directx11\src\ui\ui.cpp(990,42): warning C4456: declaration of 'Anima' hides previous local declaration
      C:\Users\Meherab\Desktop\BR MODE BY DEATH ENGINE\example_win32_directx11\src\ui\ui.cpp(601,30):
      see declaration of 'Anima'
  
C:\Users\Meherab\Desktop\BR MODE BY DEATH ENGINE\example_win32_directx11\src\ui\ui.cpp(1141,40): warning C4456: declaration of 'LastCurrentSub' hides previous local declaration
      C:\Users\Meherab\Desktop\BR MODE BY DEATH ENGINE\example_win32_directx11\src\ui\ui.cpp(599,28):
      see declaration of 'LastCurrentSub'
  
C:\Users\Meherab\Desktop\BR MODE BY DEATH ENGINE\example_win32_directx11\src\ui\ui.cpp(1142,40): warning C4456: declaration of 'CurrentSub' hides previous local declaration
      C:\Users\Meherab\Desktop\BR MODE BY DEATH ENGINE\example_win32_directx11\src\ui\ui.cpp(600,28):
      see declaration of 'CurrentSub'
  
C:\Users\Meherab\Desktop\BR MODE BY DEATH ENGINE\example_win32_directx11\src\ui\ui.cpp(1144,42): warning C4456: declaration of 'Anima' hides previous local declaration
      C:\Users\Meherab\Desktop\BR MODE BY DEATH ENGINE\example_win32_directx11\src\ui\ui.cpp(601,30):
      see declaration of 'Anima'
  
C:\Users\Meherab\Desktop\BR MODE BY DEATH ENGINE\example_win32_directx11\src\ui\ui.cpp(772,33): warning C4189: 'stackedPanelHeight': local variable is initialized but not referenced
C:\Program Files\Microsoft Visual Studio\18\Insiders\VC\Tools\MSVC\14.51.36231\include\utility(277,54): warning C4244: 'initializing': conversion from '_Ty' to '_Ty2', possible loss of data
C:\Program Files\Microsoft Visual Studio\18\Insiders\VC\Tools\MSVC\14.51.36231\include\utility(277,54): warning C4244:         with
C:\Program Files\Microsoft Visual Studio\18\Insiders\VC\Tools\MSVC\14.51.36231\include\utility(277,54): warning C4244:         [
C:\Program Files\Microsoft Visual Studio\18\Insiders\VC\Tools\MSVC\14.51.36231\include\utility(277,54): warning C4244:             _Ty=int
C:\Program Files\Microsoft Visual Studio\18\Insiders\VC\Tools\MSVC\14.51.36231\include\utility(277,54): warning C4244:         ]
C:\Program Files\Microsoft Visual Studio\18\Insiders\VC\Tools\MSVC\14.51.36231\include\utility(277,54): warning C4244:         and
C:\Program Files\Microsoft Visual Studio\18\Insiders\VC\Tools\MSVC\14.51.36231\include\utility(277,54): warning C4244:         [
C:\Program Files\Microsoft Visual Studio\18\Insiders\VC\Tools\MSVC\14.51.36231\include\utility(277,54): warning C4244:             _Ty2=BYTE
C:\Program Files\Microsoft Visual Studio\18\Insiders\VC\Tools\MSVC\14.51.36231\include\utility(277,54): warning C4244:         ]
  (compiling source file 'src/ui/ui.cpp')
      C:\Program Files\Microsoft Visual Studio\18\Insiders\VC\Tools\MSVC\14.51.36231\include\utility(277,54):
      the template instantiation context (the oldest one first) is
          C:\Users\Meherab\Desktop\BR MODE BY DEATH ENGINE\example_win32_directx11\EspLines\Memory\NashMem.hpp(685,13):
          see reference to function template instantiation 'std::pair<size_t,BYTE>::pair<int,int,0>(_Other1 &&,_Other2 &&) noexcept' being compiled
          with
          [
              _Other1=int,
              _Other2=int
          ]
              C:\Users\Meherab\Desktop\BR MODE BY DEATH ENGINE\example_win32_directx11\EspLines\Memory\NashMem.hpp(685,13):
              see the first reference to 'std::pair<size_t,BYTE>::pair' in 'MemoryNash::SniperSwitchON'
  
C:\Program Files\Microsoft Visual Studio\18\Insiders\VC\Tools\MSVC\14.51.36231\include\algorithm(4248,24): warning C4244: '=': conversion from 'int' to 'wchar_t', possible loss of data
  (compiling source file 'src/ui/ui.cpp')
      C:\Program Files\Microsoft Visual Studio\18\Insiders\VC\Tools\MSVC\14.51.36231\include\algorithm(4248,24):
      the template instantiation context (the oldest one first) is
          C:\Users\Meherab\Desktop\BR MODE BY DEATH ENGINE\example_win32_directx11\src\ProcessKiller.hpp(47,22):
          see reference to function template instantiation '_OutIt std::transform<std::_String_iterator<std::_String_val<std::_Simple_types<_Elem>>>,std::_String_iterator<std::_String_val<std::_Simple_types<_Elem>>>,int(__cdecl *)(int)>(const _InIt,const _InIt,_OutIt,_Fn)' being compiled
          with
          [
              _OutIt=std::_String_iterator<std::_String_val<std::_Simple_types<wchar_t>>>,
              _Elem=wchar_t,
              _InIt=std::_String_iterator<std::_String_val<std::_Simple_types<wchar_t>>>,
              _Fn=int (__cdecl *)(int)
          ]
  
C:\Users\Meherab\Desktop\BR MODE BY DEATH ENGINE\example_win32_directx11\src\ui\ui.cpp(391,24): warning C4505: 'FWork::GetKeyDisplayName': unreferenced function with internal linkage has been removed
  buffer.c
C:\Users\Meherab\Desktop\BR MODE BY DEATH ENGINE\example_win32_directx11\ext\MinHook\src\buffer.c(49,6): warning C4201: nonstandard extension used: nameless struct/union
  hde32.c
C:\Users\Meherab\Desktop\BR MODE BY DEATH ENGINE\example_win32_directx11\ext\MinHook\src\hde\hde32.c(325,1): warning C4206: nonstandard extension used: translation unit is empty
  hde64.c
  hook.c
C:\Users\Meherab\Desktop\BR MODE BY DEATH ENGINE\example_win32_directx11\ext\MinHook\src\hook.c(419,44): warning C4310: cast truncates constant value
C:\Users\Meherab\Desktop\BR MODE BY DEATH ENGINE\example_win32_directx11\ext\MinHook\src\hook.c(435,26): warning C4244: '=': conversion from 'BOOL' to 'UINT8', possible loss of data
C:\Users\Meherab\Desktop\BR MODE BY DEATH ENGINE\example_win32_directx11\ext\MinHook\src\hook.c(436,26): warning C4244: '=': conversion from 'BOOL' to 'UINT8', possible loss of data
C:\Users\Meherab\Desktop\BR MODE BY DEATH ENGINE\example_win32_directx11\ext\MinHook\src\hook.c(612,52): warning C4244: '=': conversion from 'BOOL' to 'UINT8', possible loss of data
C:\Users\Meherab\Desktop\BR MODE BY DEATH ENGINE\example_win32_directx11\ext\MinHook\src\hook.c(796,49): warning C4244: '=': conversion from 'BOOL' to 'UINT8', possible loss of data
C:\Users\Meherab\Desktop\BR MODE BY DEATH ENGINE\example_win32_directx11\ext\MinHook\src\hook.c(803,51): warning C4244: '=': conversion from 'BOOL' to 'UINT8', possible loss of data
  trampoline.c
C:\Users\Meherab\Desktop\BR MODE BY DEATH ENGINE\example_win32_directx11\ext\MinHook\src\trampoline.c(286,19): warning C4244: '+=': conversion from 'UINT' to 'UINT8', possible loss of data
  Generating code
  Previous IPDB not found, fall back to full compilation.
C:\Users\Meherab\Desktop\BR MODE BY DEATH ENGINE\example_win32_directx11\ext\MinHook\src\hde\hde64.c(59): warning C4701: potentially uninitialized local variable 'c' used
  All 5430 functions were compiled because no usable IPDB/IOBJ from previous compilation was found.
  Finished generating code
  example_win32_directx11.vcxproj -> C:\Users\Meherab\Desktop\BR MODE BY DEATH ENGINE\x64\Release\WBR BODS.dll
